Time [s],Phi [rad],STIM [ ],Fsee [N],Gamma [ ],Lcerel [ ],q [ ],Lmtc [m],fisomrel [ ]
0.0,1.9,1.0,87.74585910390486,1e-05,1.4196301460205214,0.005000029485189906,0.292853,0.4384902441033033
0.0005,1.8832,0.0,23.328455661830432,1e-05,1.4163524508765368,0.0050000292469462,0.2921474,0.4472277954371843
0.001,1.8663999999999998,0.0,7.611016424816278,1e-05,1.4107324624642854,0.005000028841658253,0.2914418,0.462049886090639
0.0015,1.8496,0.0,0.0,1e-05,1.4059300523919762,0.005000028498534374,0.2907362,0.474556098740585
0.002,1.8328,0.0,0.0,1e-05,1.4043071027745375,0.00500002838324355,0.2900306,0.4787492558866695
0.0025,1.8159999999999998,0.0,0.0,1e-05,1.4033097585305527,0.005000028312561085,0.289325,0.4813177253636073
0.003,1.7992,0.0,0.0,1e-05,1.402495985395155,0.005000028254982388,0.28861939999999997,0.48340874279586454
0.0035,1.7824,0.0,0.0,1e-05,1.4017730171017637,0.005000028203899402,0.2879138,0.48526289135505707
0.004,1.7655999999999998,0.0,0.0,1e-05,1.4011004442672572,0.005000028156437007,0.2872082,0.48698480104786
0.0045000000000000005,1.7488,0.0,0.0,1e-05,1.4004549773761272,0.005000028110941603,0.2865026,0.48863460170499184
0.005,1.7319999999999998,0.0,0.0,1e-05,1.3998200492835051,0.005000028066240763,0.28579699999999997,0.4902548730578302
0.0055,1.7151999999999998,0.0,0.0,1e-05,1.3991859025899194,0.005000028021646139,0.2850914,0.4918705840990798
0.006,1.6984,0.0,0.0,1e-05,1.398551755896893,0.0050000279771026685,0.2843858,0.4934837304576003
0.006500000000000001,1.6815999999999998,0.0,0.0,1e-05,1.3979176092044256,0.0050000279326103325,0.2836802,0.4950943121333993
0.007,1.6647999999999998,0.0,0.0,1e-05,1.3972834625125166,0.005000027888169112,0.28297459999999997,0.4967023291264856
0.0075,1.648,0.0,0.0,1e-05,1.3966493158211652,0.005000027843778987,0.282269,0.49830778143686705
0.008,1.6311999999999998,0.0,0.0,1e-05,1.396015169130371,0.005000027799439942,0.2815634,0.4999106690645524
0.0085,1.6143999999999998,0.0,0.0,1e-05,1.395381022440133,0.0050000277551519555,0.2808578,0.5015109920095504
0.009000000000000001,1.5976,0.0,0.0,1e-05,1.3947468757504509,0.005000027710915009,0.28015219999999996,0.503108750271869
0.0095,1.5807999999999998,0.0,0.0,1e-05,1.394112729061324,0.005000027666729084,0.2794466,0.504703943851516
0.01,1.5639999999999998,0.0,0.0,1e-05,1.3934785823727514,0.005000027622594161,0.278741,0.5062965727485012
0.0105,1.5471999999999997,0.0,0.0,1e-05,1.3928444356847327,0.0050000275785102195,0.2780354,0.5078866369628314
0.011,1.5303999999999998,0.0,0.0,1e-05,1.3922102889972672,0.005000027534477243,0.27732979999999996,0.5094741364945159
0.0115,1.5135999999999998,0.0,0.0,1e-05,1.3915761423103543,0.005000027490495209,0.2766242,0.5110590713435623
0.012,1.4968,0.0,0.0,1e-05,1.3909419956239932,0.0050000274465641,0.2759186,0.5126414415099798
0.0125,1.4799999999999998,0.0,0.0,1e-05,1.3903078489381835,0.0050000274026838955,0.275213,0.514221246993776
0.013000000000000001,1.4631999999999998,0.0,0.0,1e-05,1.3896737022529244,0.005000027358854577,0.2745074,0.5157984877949593
0.0135,1.4463999999999997,0.0,0.0,1e-05,1.3890395555682156,0.005000027315076124,0.2738018,0.5173731639135374
0.014,1.4295999999999998,0.0,0.0,1e-05,1.3884054088840558,0.005000027271348516,0.2730962,0.5189452753495198
0.0145,1.4127999999999998,0.0,0.0,1e-05,1.3877712622004448,0.0050000272276717345,0.2723906,0.5205148221029143
0.015,1.396,0.0,0.0,1e-05,1.387137115517382,0.005000027184045759,0.271685,0.5220818041737286
0.0155,1.3791999999999998,0.0,0.0,1e-05,1.3865029688348667,0.00500002714047057,0.2709794,0.523646221561971
0.016,1.3623999999999996,0.0,0.0,1e-05,1.385868822152898,0.005000027096946146,0.2702738,0.5252080742676503
0.0165,1.3455999999999997,0.0,0.0,1e-05,1.3852346754714755,0.005000027053472468,0.2695682,0.5267673622907747
0.017,1.3287999999999998,0.0,0.0,1e-05,1.3846005287905987,0.0050000270100495165,0.2688626,0.5283240856313516
0.0175,1.3119999999999998,0.0,0.0,1e-05,1.3839663821102668,0.00500002696667727,0.268157,0.5298782442893897
0.018000000000000002,1.2951999999999997,0.0,0.0,1e-05,1.383332235430489,0.005000026923355707,0.2674514,0.5314298382648728
0.0185,1.2783999999999998,0.0,0.0,1e-05,1.3826980887513174,0.00500002688008481,0.2667458,0.5329788675576812
0.019,1.2615999999999996,0.0,0.0,1e-05,1.382063942072686,0.005000026836864556,0.26604019999999995,0.5345253321679826
0.0195,1.2447999999999997,0.0,0.0,1e-05,1.3814297953945942,0.005000026793694926,0.2653346,0.5360692320957845
0.02,1.2279999999999998,0.0,0.0,1e-05,1.3807956487170414,0.005000026750575898,0.264629,0.5376105673410958
0.0205,1.2111999999999998,0.0,0.0,1e-05,1.380161502040027,0.005000026707507451,0.2639234,0.5391493379039238
0.021,1.1943999999999997,0.0,0.0,1e-05,1.3795273553635508,0.005000026664489567,0.2632178,0.5406855437842764
0.021500000000000002,1.1775999999999995,0.0,0.0,1e-05,1.3788932086876116,0.005000026621522222,0.2625122,0.542219184982162
0.022,1.1607999999999996,0.0,0.0,1e-05,1.3782590620122093,0.0050000265786053965,0.2618066,0.5437502614975882
0.0225,1.1439999999999997,0.0,0.0,1e-05,1.377624915337343,0.005000026535739069,0.26110099999999997,0.5452787733305631
0.023,1.1271999999999998,0.0,0.0,1e-05,1.3769907686630123,0.005000026492923218,0.2603954,0.5468047204810942
0.0235,1.1103999999999998,0.0,0.0,1e-05,1.3763566219892165,0.005000026450157824,0.25968979999999997,0.5483281029491901
0.024,1.0935999999999997,0.0,0.0,1e-05,1.375722475315955,0.005000026407442864,0.2589842,0.5498489207348586
0.0245,1.0767999999999995,0.0,0.0,1e-05,1.3750883286432272,0.005000026364778317,0.25827859999999997,0.5513671738381072
0.025,1.0599999999999996,0.0,0.0,1e-05,1.3744541819710328,0.005000026322164162,0.257573,0.5528828622589435
0.025500000000000002,1.0431999999999997,0.0,0.0,1e-05,1.3738200352993708,0.005000026279600378,0.25686739999999997,0.5543959859973762
0.026000000000000002,1.0263999999999998,0.0,0.0,1e-05,1.3731858886282406,0.0050000262370869415,0.2561618,0.5559065450534132
0.0265,1.0095999999999998,0.0,0.0,1e-05,1.372551741957642,0.005000026194623834,0.25545619999999997,0.5574145394270615
0.027,0.9927999999999997,0.0,0.0,1e-05,1.3719175952875742,0.0050000261522110305,0.2547506,0.5589199691183298
0.0275,0.9759999999999996,0.0,0.0,1e-05,1.3712834486180365,0.005000026109848512,0.25404499999999997,0.5604228341272253
0.028,0.9591999999999996,0.0,0.0,1e-05,1.3706493019490287,0.005000026067536254,0.2533394,0.5619231344537556
0.0285,0.9423999999999997,0.0,0.0,1e-05,1.3700151552805495,0.005000026025274237,0.25263379999999996,0.56342087009793
0.029,0.9255999999999996,0.0,0.0,1e-05,1.369381008612599,0.005000025983062438,0.2519282,0.5649160410597546
0.029500000000000002,0.9087999999999996,0.0,0.0,1e-05,1.3687468619451764,0.005000025940900835,0.25122259999999996,0.566408647339238
0.03,0.8919999999999997,0.0,0.0,1e-05,1.3681127152782808,0.005000025898789405,0.250517,0.5678986889363882
0.0305,0.8751999999999998,0.0,0.0,1e-05,1.367478568611912,0.005000025856728128,0.2498114,0.5693861658512127
0.031,0.8583999999999996,0.0,0.0,1e-05,1.3668444219460691,0.00500002581471698,0.2491058,0.5708710780837194
0.0315,0.8415999999999997,0.0,0.0,1e-05,1.366210275280752,0.005000025772755939,0.2484002,0.5723534256339156
0.032,0.8247999999999995,0.0,0.0,1e-05,1.3655761286159596,0.005000025730844983,0.2476946,0.5738332085018094
0.0325,0.8079999999999996,0.0,0.0,1e-05,1.3649419819516915,0.0050000256889840885,0.246989,0.5753104266874085
0.033,0.7911999999999997,0.0,0.0,1e-05,1.364307835287947,0.005000025647173235,0.24628339999999999,0.5767850801907211
0.0335,0.7743999999999995,0.0,0.0,1e-05,1.3636736886247258,0.005000025605412398,0.24557779999999998,0.5782571690117537
0.034,0.7575999999999996,0.0,0.0,1e-05,1.363039541962027,0.005000025563701556,0.24487219999999998,0.5797266931505156
0.0345,0.7407999999999995,0.0,0.0,1e-05,1.36240539529985,0.005000025522040685,0.24416659999999998,0.5811936526070135
0.035,0.7239999999999995,0.0,0.0,1e-05,1.3617712486381945,0.005000025480429764,0.24346099999999998,0.5826580473812553
0.035500000000000004,0.7071999999999994,0.0,0.0,1e-05,1.36113710197706,0.005000025438868768,0.24275539999999995,0.5841198774732481
0.036000000000000004,0.6903999999999995,0.0,0.0,1e-05,1.3605029553164452,0.005000025397357675,0.24204979999999998,0.5855791428830012
0.0365,0.6735999999999998,0.0,0.0,1e-05,1.3598688086563502,0.005000025355896463,0.24134419999999998,0.5870358436105205
0.037,0.6567999999999996,0.0,0.0,1e-05,1.3592346619967741,0.005000025314485108,0.24063859999999998,0.5884899796558146
0.0375,0.6399999999999997,0.0,0.0,1e-05,1.3586005153377163,0.005000025273123587,0.23993299999999998,0.5899415510188912
0.038,0.6231999999999995,0.0,0.0,1e-05,1.3579663686791765,0.005000025231811876,0.23922739999999998,0.5913905576997573
0.0385,0.6063999999999996,0.0,0.0,1e-05,1.357332222021154,0.005000025190549953,0.23852179999999998,0.5928369996984209
0.039,0.5895999999999997,0.0,0.0,1e-05,1.3566980753636477,0.005000025149337794,0.23781619999999998,0.59428087701489
0.0395,0.5727999999999995,0.0,0.0,1e-05,1.3560639287066576,0.005000025108175376,0.23711059999999998,0.5957221896491718
0.04,0.5559999999999996,0.0,0.0,1e-05,1.355429782050183,0.005000025067062675,0.23640499999999998,0.5971609376012736
0.0405,0.5391999999999995,0.0,0.0,1e-05,1.3547956353942232,0.005000025025999667,0.23569939999999998,0.5985971208712035
0.041,0.5223999999999995,0.0,0.0,1e-05,1.3541614887387776,0.005000024984986329,0.23499379999999997,0.6000307394589691
0.0415,0.5055999999999994,0.0,0.0,1e-05,1.3535273420838456,0.005000024944022638,0.23428819999999997,0.6014617933645778
0.042,0.48879999999999946,0.0,0.0,1e-05,1.3528931954294268,0.005000024903108569,0.23358259999999997,0.602890282588037
0.0425,0.47199999999999953,0.0,0.0,1e-05,1.3522590487755204,0.0050000248622440995,0.23287699999999997,0.6043162071293544
0.043000000000000003,0.4551999999999994,0.0,0.0,1e-05,1.3516249021221258,0.0050000248214292055,0.23217139999999997,0.6057395669885377
0.043500000000000004,0.43839999999999946,0.0,0.0,1e-05,1.3509907554692426,0.005000024780663861,0.23146579999999997,0.6071603621655942
0.044,0.42159999999999953,0.0,0.0,1e-05,1.3503566088168701,0.005000024739948044,0.23076019999999997,0.6085785926605314
0.0445,0.4047999999999996,0.0,0.0,1e-05,1.3497224621650077,0.00500002469928173,0.23005459999999997,0.6099942584733571
0.045,0.3879999999999997,0.0,0.0,1e-05,1.3490883155136548,0.005000024658664895,0.22934899999999997,0.6114073596040784
0.0455,0.37119999999999953,0.0,0.0,1e-05,1.3484541688628107,0.005000024618097515,0.22864339999999997,0.6128178960527035
0.046,0.3543999999999996,0.0,0.0,1e-05,1.347820022212475,0.0050000245775795645,0.22793779999999997,0.6142258678192392
0.0465,0.33759999999999946,0.0,0.0,1e-05,1.3471858755626471,0.00500002453711102,0.22723219999999997,0.615631274903693
0.047,0.32079999999999953,0.0,0.0,1e-05,1.3465517289133264,0.005000024496691857,0.22652659999999997,0.6170341173060725
0.0475,0.3039999999999994,0.0,0.0,1e-05,1.3459175822645122,0.005000024456322052,0.22582099999999997,0.6184343950263853
0.048,0.28719999999999946,0.0,0.0,1e-05,1.3452834356162038,0.005000024416001578,0.22511539999999997,0.6198321080646392
0.0485,0.27039999999999953,0.0,0.0,1e-05,1.344649288968401,0.005000024375730413,0.22440979999999996,0.6212272564208408
0.049,0.2535999999999994,0.0,0.0,1e-05,1.3440151423211029,0.005000024335508531,0.22370419999999996,0.6226198400949979
0.0495,0.23679999999999946,0.0,0.0,1e-05,1.343380995674309,0.005000024295335908,0.22299859999999996,0.6240098590871179
0.05,0.2199999999999993,0.0,0.0,1e-05,1.3427468490280188,0.005000024255212519,0.22229299999999996,0.6253973133972083
0.0505,0.20319999999999938,0.0,0.0,1e-05,1.3421127023822315,0.005000024215138339,0.22158739999999996,0.6267822030252765
0.051000000000000004,0.18639999999999946,0.0,0.0,1e-05,1.3414785557369466,0.005000024175113343,0.22088179999999996,0.6281645279713299
0.051500000000000004,0.1695999999999993,0.0,0.0,1e-05,1.3408444090921636,0.005000024135137506,0.22017619999999996,0.6295442882353757
0.052000000000000005,0.15279999999999938,0.0,0.0,1e-05,1.3402102624478818,0.005000024095210803,0.21947059999999996,0.6309214838174216
0.0525,0.13599999999999945,0.0,0.0,1e-05,1.3395761158041006,0.005000024055333209,0.21876499999999996,0.6322961147174746
0.053,0.11919999999999953,0.0,0.0,1e-05,1.3389419691608195,0.0050000240155047,0.21805939999999996,0.6336681809355423
0.0535,0.10239999999999938,0.0,0.0,1e-05,1.338307822518038,0.005000023975725248,0.21735379999999996,0.6350376824716317
0.053571428571428555,0.10000000000000009,0.0,0.0,1e-05,1.3382172301405384,0.005000023970046473,0.217253,0.6352331161864225
0.054071428571428555,0.10296470588235303,0.0,0.0,1e-05,1.3375830834983269,0.0050000239303230574,0.21737751764705882,0.6365996866574033
0.054571428571428555,0.10592941176470598,0.0,0.0,1e-05,1.3369489368566136,0.005000023890648647,0.21750203529411766,0.6379636924464216
0.055071428571428556,0.10889411764705892,0.0,0.0,1e-05,1.336314790215398,0.005000023851023216,0.21762655294117647,0.6393251335534849
0.055571428571428556,0.11185882352941187,0.0,0.0,1e-05,1.3356806435746793,0.005000023811446737,0.21775107058823528,0.6406840099786005
0.05607142857142856,0.11482352941176481,0.0,0.0,1e-05,1.3350464969344569,0.0050000237719191876,0.21787558823529413,0.642040321721776
0.05657142857142856,0.11778823529411775,0.0,0.0,1e-05,1.3344123502947305,0.00500002373244054,0.21800010588235294,0.6433940687830182
0.05707142857142856,0.1207529411764707,0.0,0.0,1e-05,1.3337782036554993,0.005000023693010769,0.21812462352941175,0.6447452511623344
0.05757142857142856,0.12371764705882364,0.0,0.0,1e-05,1.3331440570167628,0.005000023653629849,0.2182491411764706,0.646093868859732
0.05807142857142856,0.12668235294117658,0.0,0.0,1e-05,1.3325099103785203,0.005000023614297754,0.2183736588235294,0.6474399218752181
0.05857142857142856,0.12964705882352953,0.0,0.0,1e-05,1.3318757637407712,0.00500002357501446,0.21849817647058822,0.6487834102088004
0.05907142857142856,0.13261176470588248,0.0,0.0,1e-05,1.331241617103515,0.005000023535779938,0.21862269411764707,0.6501243338604856
0.05957142857142856,0.1355764705882354,0.0,0.0,1e-05,1.3306074704667512,0.005000023496594164,0.21874721176470588,0.6514626928302814
0.06007142857142856,0.13854117647058836,0.0,0.0,1e-05,1.329973323830479,0.005000023457457112,0.2188717294117647,0.6527984871181948
0.06057142857142856,0.14150588235294131,0.0,0.0,1e-05,1.329339177194698,0.005000023418368756,0.21899624705882353,0.6541317167242324
0.06107142857142856,0.14447058823529424,0.0,0.0,1e-05,1.3287050305594075,0.005000023379329068,0.21912076470588235,0.6554623816484024
0.06157142857142856,0.1474352941176472,0.0,0.0,1e-05,1.3280708839246067,0.0050000233403380235,0.21924528235294116,0.6567904818907119
0.06207142857142856,0.15040000000000014,0.0,0.0,1e-05,1.3274367372902955,0.005000023301395597,0.2193698,0.6581160174511671
0.06257142857142856,0.15336470588235304,0.0,0.0,1e-05,1.3268025906564729,0.00500002326250176,0.21949431764705882,0.6594389883297762
0.06307142857142856,0.156329411764706,0.0,0.0,1e-05,1.3261684440231385,0.005000023223656488,0.21961883529411763,0.6607593945265459
0.06357142857142856,0.15929411764705892,0.0,0.0,1e-05,1.3255342973902917,0.0050000231848597535,0.21974335294117647,0.6620772360414832
0.06407142857142856,0.16225882352941187,0.0,0.0,1e-05,1.3249001507579319,0.005000023146111531,0.2198678705882353,0.6633925128745954
0.06457142857142856,0.16522352941176482,0.0,0.0,1e-05,1.3242660041260583,0.005000023107411792,0.21999238823529413,0.66470522502589
0.06507142857142856,0.16818823529411775,0.0,0.0,1e-05,1.3236318574946706,0.005000023068760513,0.22011690588235294,0.6660153724953739
0.06557142857142856,0.17115294117647073,0.0,0.0,1e-05,1.322997710863768,0.005000023030157665,0.22024142352941176,0.667322955283054
0.06607142857142856,0.17411764705882365,0.0,0.0,1e-05,1.3223635642333502,0.005000022991603221,0.2203659411764706,0.6686279733889371
0.06657142857142856,0.1770823529411766,0.0,0.0,1e-05,1.3217294176034162,0.005000022953097156,0.2204904588235294,0.6699304268130313
0.06707142857142856,0.18004705882352956,0.0,0.0,1e-05,1.3210952709739658,0.005000022914639441,0.22061497647058823,0.6712303155553427
0.06757142857142856,0.18301176470588248,0.0,0.0,1e-05,1.3204611243449982,0.005000022876230052,0.22073949411764707,0.6725276396158788
0.06807142857142856,0.18597647058823544,0.0,0.0,1e-05,1.3198269777165128,0.005000022837868959,0.22086401176470588,0.6738223989946468
0.06857142857142856,0.1889411764705884,0.0,0.0,1e-05,1.319192831088509,0.005000022799556137,0.2209885294117647,0.6751145936916536
0.06907142857142856,0.19190588235294131,0.0,0.0,1e-05,1.3185586844609862,0.005000022761291558,0.22111304705882354,0.6764042237069063
0.06957142857142856,0.19487058823529427,0.0,0.0,1e-05,1.317924537833944,0.005000022723075196,0.22123756470588235,0.6776912890404119
0.07007142857142856,0.19783529411764722,0.0,0.0,1e-05,1.3172903912073817,0.005000022684907023,0.22136208235294116,0.678975789692177
0.07057142857142856,0.20080000000000015,0.0,0.0,1e-05,1.3166562445812986,0.005000022646787012,0.2214866,0.6802577256622092
0.07107142857142856,0.2037647058823531,0.0,0.0,1e-05,1.316022097955694,0.0050000226087151345,0.22161111764705882,0.6815370969505157
0.07157142857142856,0.20672941176470605,0.0,0.0,1e-05,1.3153879513305677,0.0050000225706913655,0.22173563529411766,0.6828139035571028
0.07207142857142856,0.20969411764705898,0.0,0.0,1e-05,1.314753804705919,0.005000022532715675,0.22186015294117648,0.6840881454819776
0.07257142857142856,0.21265882352941193,0.0,0.0,1e-05,1.3141196580817471,0.005000022494788038,0.2219846705882353,0.6853598227251476
0.07307142857142856,0.21562352941176488,0.0,0.0,1e-05,1.3134855114580515,0.005000022456908426,0.22210918823529413,0.6866289352866195
0.07357142857142857,0.2185882352941178,0.0,0.0,1e-05,1.3128513648348317,0.00500002241907681,0.22223370588235294,0.6878954831664
0.07407142857142857,0.22155294117647079,0.0,0.0,1e-05,1.312217218212087,0.005000022381293164,0.22235822352941176,0.6891594663644962
0.07457142857142857,0.2245176470588237,0.0,0.0,1e-05,1.311583071589817,0.005000022343557461,0.2224827411764706,0.6904208848809152
0.07507142857142857,0.22748235294117666,0.0,0.0,1e-05,1.3109489249680208,0.005000022305869672,0.2226072588235294,0.6916797387156637
0.07557142857142857,0.2304470588235296,0.0,0.0,1e-05,1.310314778346698,0.00500002226822977,0.22273177647058823,0.6929360278687491
0.07607142857142857,0.23341176470588254,0.0,0.0,1e-05,1.309680631725848,0.005000022230637726,0.22285629411764707,0.6941897523401777
0.07657142857142857,0.2363764705882355,0.0,0.0,1e-05,1.3090464851054702,0.005000022193093512,0.22298081176470588,0.6954409121299567
0.07707142857142857,0.23934117647058845,0.0,0.0,1e-05,1.308412338485564,0.005000022155597102,0.2231053294117647,0.696689507238093
0.07757142857142857,0.24230588235294137,0.0,0.0,1e-05,1.3077781918661286,0.0050000221181484665,0.22322984705882354,0.6979355376645935
0.07807142857142857,0.24527058823529432,0.0,0.0,1e-05,1.3071440452471639,0.0050000220807475786,0.22335436470588235,0.6991790034094648
0.07857142857142857,0.24823529411764728,0.0,0.0,1e-05,1.306509898628669,0.0050000220433944085,0.22347888235294117,0.700419904472714
0.07907142857142857,0.2512000000000002,0.0,0.0,1e-05,1.3058757520106432,0.0050000220060889295,0.2236034,0.7016582408543479
0.07957142857142857,0.2541647058823532,0.0,0.0,1e-05,1.305241605393086,0.005000021968831112,0.22372791764705882,0.7028940125543737
0.08007142857142857,0.2571294117647061,0.0,0.0,1e-05,1.304607458775997,0.005000021931620929,0.22385243529411764,0.7041272195727974
0.08057142857142857,0.26009411764705903,0.0,0.0,1e-05,1.3039733121593755,0.005000021894458352,0.22397695294117648,0.7053578619096266
0.08107142857142857,0.263058823529412,0.0,0.0,1e-05,1.3033391655432207,0.005000021857343353,0.2241014705882353,0.7065859395648678
0.08157142857142857,0.26602352941176494,0.0,0.0,1e-05,1.3027050189275322,0.005000021820275902,0.22422598823529413,0.707811452538528
0.08207142857142857,0.26898823529411786,0.0,0.0,1e-05,1.3020708723123096,0.0050000217832559726,0.22435050588235295,0.7090344008306135
0.08257142857142857,0.27195294117647084,0.0,0.0,1e-05,1.3014367256975519,0.005000021746283534,0.22447502352941176,0.7102547844411315
0.08307142857142857,0.27491764705882377,0.0,0.0,1e-05,1.3008025790832587,0.00500002170935856,0.2245995411764706,0.711472603370089
0.08357142857142857,0.2778823529411767,0.0,0.0,1e-05,1.3001684324694294,0.00500002167248102,0.22472405882352942,0.7126878576174924
0.08407142857142857,0.28084705882352967,0.0,0.0,1e-05,1.2995342858560635,0.005000021635650886,0.22484857647058823,0.7139005471833484
0.08457142857142858,0.2838117647058826,0.0,0.0,1e-05,1.2989001392431603,0.00500002159886813,0.22497309411764707,0.7151106720676639
0.08507142857142858,0.2867764705882355,0.0,0.0,1e-05,1.2982659926307194,0.005000021562132723,0.22509761176470588,0.7163182322704453
0.08557142857142858,0.2897411764705885,0.0,0.0,1e-05,1.2976318460187397,0.005000021525444635,0.2252221294117647,0.7175232277917003
0.08607142857142858,0.2927058823529414,0.0,0.0,1e-05,1.2969976994072212,0.005000021488803838,0.22534664705882354,0.7187256586314346
0.08657142857142858,0.29567058823529435,0.0,0.0,1e-05,1.296363552796163,0.005000021452210303,0.22547116470588235,0.7199255247896553
0.08707142857142858,0.29863529411764733,0.0,0.0,1e-05,1.2957294061855646,0.005000021415664001,0.22559568235294117,0.721122826266369
0.08757142857142858,0.30160000000000026,0.0,0.0,1e-05,1.2950952595754255,0.005000021379164903,0.2257202,0.7223175630615825
0.08807142857142858,0.3045647058823532,0.0,0.0,1e-05,1.2944611129657448,0.005000021342712981,0.22584471764705882,0.7235097351753025
0.08857142857142858,0.30752941176470616,0.0,0.0,1e-05,1.2938269663565223,0.005000021306308203,0.22596923529411767,0.7246993426075354
0.08907142857142858,0.3104941176470591,0.0,0.0,1e-05,1.293192819747757,0.005000021269950542,0.22609375294117648,0.7258863853582886
0.08957142857142858,0.313458823529412,0.0,0.0,1e-05,1.2925586731394485,0.005000021233639969,0.2262182705882353,0.7270708634275681
0.09007142857142858,0.316423529411765,0.0,0.0,1e-05,1.2919245265315964,0.005000021197376454,0.22634278823529413,0.7282527768153804
0.09057142857142858,0.319388235294118,0.0,0.0,1e-05,1.2912903799242,0.005000021161159967,0.22646730588235295,0.7294321255217324
0.09107142857142858,0.32235294117647084,0.0,0.0,1e-05,1.2906562333172584,0.00500002112499048,0.22659182352941176,0.7306089095466308
0.09157142857142858,0.3253176470588238,0.0,0.0,1e-05,1.2900220867107715,0.005000021088867963,0.2267163411764706,0.7317831288900822
0.09207142857142858,0.3282823529411768,0.0,0.0,1e-05,1.2893879401047381,0.005000021052792385,0.22684085882352942,0.7329547835520935
0.09257142857142858,0.33124705882352967,0.0,0.0,1e-05,1.2887537934991582,0.005000021016763719,0.22696537647058823,0.7341238735326706
0.09307142857142858,0.33421176470588265,0.0,0.0,1e-05,1.288119646894031,0.005000020980781935,0.22708989411764707,0.7352903988318205
0.09357142857142858,0.33717647058823563,0.0,0.0,1e-05,1.287485500289356,0.005000020944847002,0.2272144117647059,0.7364543594495496
0.09407142857142858,0.3401411764705885,0.0,0.0,1e-05,1.2868513536851323,0.005000020908958891,0.2273389294117647,0.7376157553858647
0.09457142857142858,0.3431058823529415,0.0,0.0,1e-05,1.2862172070813596,0.005000020873117572,0.22746344705882354,0.7387745866407722
0.09507142857142858,0.34607058823529446,0.0,0.0,1e-05,1.2855830604780372,0.005000020837323016,0.22758796470588236,0.7399308532142786
0.09557142857142858,0.3490352941176474,0.0,0.0,1e-05,1.2849489138751646,0.0050000208015751925,0.22771248235294117,0.7410845551063904
0.09607142857142859,0.3520000000000003,0.0,0.0,1e-05,1.284314767272741,0.005000020765874072,0.227837,0.7422356923171145
0.09657142857142859,0.35496470588235324,0.0,0.0,1e-05,1.283680620670766,0.005000020730219624,0.22796151764705883,0.743384264846457
0.09707142857142859,0.3579294117647062,0.0,0.0,1e-05,1.283046474069239,0.0050000206946118194,0.22808603529411767,0.7445302726944246
0.09757142857142859,0.36089411764705914,0.0,0.0,1e-05,1.2824123274681594,0.005000020659050628,0.22821055294117648,0.745673715861024
0.09807142857142859,0.3638588235294121,0.0,0.0,1e-05,1.2817781808675264,0.00500002062353602,0.2283350705882353,0.7468145943462615
0.09857142857142859,0.36682352941176505,0.0,0.0,1e-05,1.2811440342673397,0.005000020588067964,0.22845958823529414,0.7479529081501433
0.09907142857142859,0.369788235294118,0.0,0.0,1e-05,1.2805098876675987,0.00500002055264643,0.22858410588235295,0.749088657272676
0.09957142857142859,0.37275294117647095,0.0,0.0,1e-05,1.2798757410683024,0.00500002051727139,0.22870862352941176,0.7502218417138666
0.10007142857142859,0.3757176470588239,0.0,0.0,1e-05,1.2792415944694506,0.005000020481942811,0.2288331411764706,0.7513524614737209
0.10057142857142859,0.3786823529411768,0.0,0.0,1e-05,1.2786074478710427,0.005000020446660665,0.22895765882352942,0.7524805165522456
0.10107142857142859,0.3816470588235298,0.0,0.0,1e-05,1.277973301273078,0.00500002041142492,0.22908217647058823,0.753606006949447
0.10157142857142859,0.3846117647058827,0.0,0.0,1e-05,1.277339154675556,0.005000020376235547,0.22920669411764708,0.7547289326653319
0.10207142857142859,0.38757647058823563,0.0,0.0,1e-05,1.276705008078476,0.0050000203410925145,0.2293312117647059,0.7558492936999059
0.10257142857142859,0.3905411764705886,0.0,0.0,1e-05,1.2760708614818375,0.005000020305995792,0.22945572941176473,0.7569670900531764
0.10307142857142859,0.39350588235294154,0.0,0.0,1e-05,1.2754367148856398,0.0050000202709453495,0.22958024705882354,0.7580823217251491
0.10357142857142859,0.39647058823529446,0.0,0.0,1e-05,1.2748025682898823,0.005000020235941156,0.22970476470588236,0.759194988715831
0.10407142857142859,0.39943529411764744,0.0,0.0,1e-05,1.2741684216945646,0.005000020200983182,0.2298292823529412,0.7603050910252278
0.10457142857142859,0.40240000000000037,0.0,0.0,1e-05,1.2735342750996859,0.005000020166071396,0.2299538,0.7614126286533462
0.1050714285714286,0.4053647058823533,0.0,0.0,1e-05,1.2729001285052457,0.005000020131205767,0.23007831764705883,0.7625176016001926
0.1055714285714286,0.4083294117647063,0.0,0.0,1e-05,1.2722659819112434,0.005000020096386264,0.23020283529411767,0.7636200098657733
0.1060714285714286,0.4112941176470592,0.0,0.0,1e-05,1.2716318353176783,0.005000020061612858,0.23032735294117648,0.7647198534500947
0.1065714285714286,0.4142588235294122,0.0,0.0,1e-05,1.2709976887245502,0.005000020026885517,0.2304518705882353,0.7658171323531626
0.1070714285714286,0.4172235294117651,0.0,0.0,1e-05,1.270363542131858,0.00500001999220421,0.23057638823529414,0.7669118465749842
0.1075714285714286,0.42018823529411803,0.0,0.0,1e-05,1.2697293955396014,0.005000019957568906,0.23070090588235295,0.7680039961155652
0.1080714285714286,0.423152941176471,0.0,0.0,1e-05,1.2690952489477798,0.005000019922979574,0.23082542352941177,0.769093580974912
0.1085714285714286,0.42611764705882393,0.0,0.0,1e-05,1.2684611023563925,0.005000019888436184,0.2309499411764706,0.770180601153031
0.1090714285714286,0.42908235294117686,0.0,0.0,1e-05,1.267826955765439,0.005000019853938704,0.23107445882352942,0.7712650566499286
0.1095714285714286,0.43204705882352984,0.0,0.0,1e-05,1.2671928091749187,0.005000019819487103,0.23119897647058824,0.7723469474656106
0.1100714285714286,0.43501176470588276,0.0,0.0,1e-05,1.2665586625848309,0.00500001978508135,0.23132349411764708,0.7734262736000839
0.1105714285714286,0.4379764705882357,0.0,0.0,1e-05,1.265924515995175,0.005000019750721414,0.2314480117647059,0.7745030350533542
0.1110714285714286,0.44094117647058867,0.0,0.0,1e-05,1.2652903694059507,0.005000019716407264,0.2315725294117647,0.7755772318254279
0.1115714285714286,0.4439058823529416,0.0,0.0,1e-05,1.2646562228171572,0.0050000196821388685,0.23169704705882355,0.7766488639163114
0.1120714285714286,0.4468705882352945,0.0,0.0,1e-05,1.264022076228794,0.005000019647916196,0.23182156470588236,0.7777179313260106
0.1125714285714286,0.4498352941176475,0.0,0.0,1e-05,1.26338792964086,0.0050000196137392145,0.23194608235294117,0.7787844340545322
0.1130714285714286,0.4528000000000004,0.0,0.0,1e-05,1.2627537830533555,0.005000019579607894,0.23207060000000002,0.779848372101882
0.1135714285714286,0.45576470588235335,0.0,0.0,1e-05,1.2621196364662794,0.005000019545522203,0.23219511764705883,0.780909745468066
0.1140714285714286,0.45872941176470633,0.0,0.0,1e-05,1.261485489879631,0.005000019511482109,0.23231963529411767,0.7819685541530911
0.1145714285714286,0.46169411764705925,0.0,0.0,1e-05,1.2608513432934099,0.005000019477487581,0.23244415294117649,0.7830247981569631
0.1150714285714286,0.4646588235294122,0.0,0.0,1e-05,1.2602171967076155,0.0050000194435385874,0.2325686705882353,0.7840784774796881
0.1155714285714286,0.46762352941176516,0.0,0.0,1e-05,1.2595830501222471,0.005000019409635096,0.23269318823529414,0.7851295921212721
0.1160714285714286,0.47058823529411814,0.0,0.0,1e-05,1.2589489035373043,0.0050000193757770775,0.23281770588235295,0.7861781420817215
0.1165714285714286,0.47355294117647106,0.0,0.0,1e-05,1.2583147569527864,0.005000019341964497,0.23294222352941177,0.7872241273610424
0.1170714285714286,0.47651764705882405,0.0,0.0,1e-05,1.2576806103686926,0.005000019308197326,0.2330667411764706,0.7882675479592411
0.1175714285714286,0.47948235294117697,0.0,0.0,1e-05,1.2570464637850227,0.00500001927447553,0.23319125882352942,0.7893084038763234
0.1180714285714286,0.4824470588235299,0.0,0.0,1e-05,1.2564123172017758,0.005000019240799078,0.23331577647058824,0.7903466951122956
0.1185714285714286,0.4854117647058829,0.0,0.0,1e-05,1.2557781706189517,0.005000019207167939,0.23344029411764708,0.7913824216671634
0.1190714285714286,0.4883764705882358,0.0,0.0,1e-05,1.2551440240365492,0.005000019173582081,0.2335648117647059,0.7924155835409337
0.1195714285714286,0.4913411764705887,0.0,0.0,1e-05,1.2545098774545682,0.00500001914004147,0.23368932941176473,0.7934461807336118
0.1200714285714286,0.4943058823529417,0.0,0.0,1e-05,1.253875730873008,0.005000019106546078,0.23381384705882355,0.7944742132452042
0.12057142857142861,0.49727058823529463,0.0,0.0,1e-05,1.253241584291868,0.005000019073095869,0.23393836470588236,0.7954996810757164
0.12107142857142861,0.5002352941176476,0.0,0.0,1e-05,1.2526074377111476,0.005000019039690814,0.2340628823529412,0.7965225842251553
0.12157142857142861,0.5032000000000005,0.0,0.0,1e-05,1.251973291130846,0.005000019006330879,0.23418740000000002,0.7975429226935264
0.12207142857142861,0.5061647058823535,0.0,0.0,1e-05,1.251339144550963,0.0050000189730160325,0.23431191764705883,0.7985606964808359
0.12257142857142861,0.5091294117647064,0.0,0.0,1e-05,1.2507049979714977,0.005000018939746243,0.23443643529411767,0.7995759055870897
0.12307142857142861,0.5120941176470594,0.0,0.0,1e-05,1.2500708513924497,0.005000018906521477,0.2345609529411765,0.8005885500122939
0.12357142857142861,0.5150588235294122,0.0,0.0,1e-05,1.2494367048138182,0.005000018873341704,0.2346854705882353,0.8015986297564546
0.12407142857142861,0.5180235294117652,0.0,0.0,1e-05,1.2488025582356028,0.0050000188402068895,0.23480998823529414,0.8026061448195774
0.12457142857142861,0.5209882352941182,0.0,0.0,1e-05,1.248168411657803,0.005000018807117003,0.23493450588235296,0.8036110952016686
0.1250714285714286,0.5239529411764712,0.0,0.0,1e-05,1.2475342650804178,0.0050000187740720115,0.23505902352941177,0.8046134809027343
0.1255714285714286,0.5269176470588242,0.0,0.0,1e-05,1.2469001185034467,0.005000018741071883,0.2351835411764706,0.8056133019227805
0.1260714285714286,0.529882352941177,0.0,0.0,1e-05,1.2462659719268896,0.005000018708116584,0.23530805882352943,0.8066105582618126
0.1265714285714286,0.5328470588235299,0.0,0.0,1e-05,1.2456318253507455,0.005000018675206083,0.23543257647058824,0.807605249919837
0.1270714285714286,0.5358117647058829,0.0,0.0,1e-05,1.2449976787750139,0.005000018642340348,0.23555709411764708,0.8085973768968594
0.1275714285714286,0.5387764705882359,0.0,0.0,1e-05,1.2443635321996942,0.005000018609519346,0.2356816117647059,0.8095869391928859
0.1280714285714286,0.5417411764705888,0.0,0.0,1e-05,1.2437293856247857,0.005000018576743043,0.23580612941176474,0.8105739368079224
0.12857142857142861,0.5447058823529418,0.0,0.0,1e-05,1.2430952390502878,0.005000018544011409,0.23593064705882355,0.8115583697419751
0.12907142857142861,0.5476705882352947,0.0,0.0,1e-05,1.2424610924762003,0.005000018511324409,0.23605516470588236,0.8125402379950493
0.12957142857142862,0.5506352941176476,0.0,0.0,1e-05,1.2418269459025222,0.005000018478682012,0.23617968235294118,0.8135195415671512
0.13007142857142862,0.5536000000000005,0.0,0.0,1e-05,1.241192799329253,0.0050000184460841845,0.23630420000000002,0.8144962804582865
0.13057142857142862,0.5565647058823535,0.0,0.0,1e-05,1.2405586527563923,0.005000018413530894,0.23642871764705883,0.8154704546684614
0.13107142857142862,0.5595294117647065,0.0,0.0,1e-05,1.2399245061839395,0.005000018381022107,0.23655323529411768,0.8164420641976812
0.13157142857142862,0.5624941176470595,0.0,0.0,1e-05,1.2392903596118936,0.005000018348557791,0.2366777529411765,0.8174111090459523
0.13207142857142862,0.5654588235294123,0.0,0.0,1e-05,1.238656213040254,0.005000018316137915,0.2368022705882353,0.8183775892132807
0.13257142857142862,0.5684235294117653,0.0,0.0,1e-05,1.238022066469021,0.0050000182837624425,0.23692678823529414,0.8193415046996715
0.13307142857142862,0.5713882352941182,0.0,0.0,1e-05,1.237387919898193,0.005000018251431344,0.23705130588235296,0.8203028555051312
0.13357142857142862,0.5743529411764712,0.0,0.0,1e-05,1.2367537733277698,0.005000018219144585,0.23717582352941177,0.8212616416296652
0.13407142857142862,0.5773176470588242,0.0,0.0,1e-05,1.236119626757751,0.005000018186902132,0.2373003411764706,0.8222178630732793
0.13457142857142862,0.5802823529411771,0.0,0.0,1e-05,1.2354854801881356,0.005000018154703953,0.23742485882352943,0.8231715198359795
0.13507142857142862,0.58324705882353,0.0,0.0,1e-05,1.2348513336189233,0.005000018122550015,0.23754937647058827,0.8241226119177717
0.13557142857142862,0.586211764705883,0.0,0.0,1e-05,1.2342171870501135,0.005000018090440283,0.23767389411764708,0.8250711393186612
0.13607142857142862,0.5891764705882359,0.0,0.0,1e-05,1.2335830404817156,0.005000018058374726,0.2377984117647059,0.8260171020386391
0.13657142857142862,0.5921411764705888,0.0,0.0,1e-05,1.2329488939137192,0.00500001802635331,0.23792292941176474,0.8269605000777258
0.13707142857142862,0.5951058823529418,0.0,0.0,1e-05,1.2323147473461238,0.005000017994376002,0.23804744705882355,0.8279013334359269
0.13757142857142862,0.5980705882352948,0.0,0.0,1e-05,1.231680600778929,0.005000017962442769,0.23817196470588237,0.8288396021132479
0.13807142857142862,0.6010352941176477,0.0,0.0,1e-05,1.2310464542121342,0.005000017930553578,0.2382964823529412,0.8297753061096944
0.13857142857142862,0.6040000000000006,0.0,0.0,1e-05,1.2304123076457387,0.005000017898708394,0.23842100000000002,0.8307084454252724
0.13907142857142862,0.6069647058823536,0.0,0.0,1e-05,1.2297781610797425,0.005000017866907185,0.23854551764705884,0.831639020059987
0.13957142857142862,0.6099294117647065,0.0,0.0,1e-05,1.2291440145141443,0.005000017835149917,0.23867003529411768,0.8325670300138444
0.14007142857142862,0.6128941176470595,0.0,0.0,1e-05,1.2285098679489441,0.0050000178034365576,0.2387945529411765,0.8334924752868499
0.14057142857142862,0.6158588235294125,0.0,0.0,1e-05,1.2278757213841414,0.005000017771767072,0.2389190705882353,0.8344153558790088
0.14107142857142863,0.6188235294117653,0.0,0.0,1e-05,1.2272415748197354,0.005000017740141428,0.23904358823529415,0.8353356717903272
0.14157142857142863,0.6217882352941183,0.0,0.0,1e-05,1.2266074282557258,0.005000017708559591,0.23916810588235296,0.8362534230208103
0.14207142857142863,0.6247529411764713,0.0,0.0,1e-05,1.225973281692112,0.005000017677021528,0.23929262352941177,0.8371686095704636
0.14257142857142863,0.6277176470588242,0.0,0.0,1e-05,1.2253391351288934,0.005000017645527205,0.23941714117647062,0.8380812314392931
0.14307142857142863,0.6306823529411771,0.0,0.0,1e-05,1.2247049885660695,0.00500001761407659,0.23954165882352943,0.8389912886273042
0.14357142857142863,0.6336470588235301,0.0,0.0,1e-05,1.22407084200364,0.005000017582669648,0.23966617647058824,0.839898781134502
0.14407142857142863,0.636611764705883,0.0,0.0,1e-05,1.223436695441604,0.005000017551306344,0.23979069411764709,0.8408037089608925
0.14457142857142863,0.639576470588236,0.0,0.0,1e-05,1.2228025488799612,0.005000017519986647,0.2399152117647059,0.8417060721064812
0.14507142857142863,0.642541176470589,0.0,0.0,1e-05,1.222168402318711,0.0050000174887105215,0.24003972941176474,0.8426058705712736
0.14557142857142863,0.6455058823529418,0.0,0.0,1e-05,1.2215342557578528,0.005000017457477935,0.24016424705882355,0.8435031043552751
0.14607142857142863,0.6484705882352948,0.0,0.0,1e-05,1.2209001091973863,0.005000017426288852,0.24028876470588237,0.8443977734584911
0.14657142857142863,0.6514352941176478,0.0,0.0,1e-05,1.220265962637311,0.00500001739514324,0.2404132823529412,0.8452898778809271
0.14707142857142863,0.6544000000000006,0.0,0.0,1e-05,1.219631816077626,0.0050000173640410645,0.24053780000000002,0.8461794176225887
0.14757142857142863,0.6573647058823536,0.0,0.0,1e-05,1.218997669518331,0.005000017332982293,0.24066231764705884,0.8470663926834816
0.14807142857142863,0.6603294117647066,0.0,0.0,1e-05,1.2183635229594256,0.005000017301966889,0.24078683529411768,0.8479508030636109
0.14857142857142863,0.6632941176470595,0.0,0.0,1e-05,1.217729376400909,0.00500001727099482,0.2409113529411765,0.8488326487629825
0.14907142857142863,0.6662588235294125,0.0,0.0,1e-05,1.2170952298427808,0.005000017240066053,0.2410358705882353,0.8497119297816013
0.14957142857142863,0.6692235294117654,0.0,0.0,1e-05,1.2164610832850407,0.005000017209180553,0.24116038823529415,0.8505886461194729
0.15007142857142863,0.6721882352941183,0.0,0.0,1e-05,1.215826936727688,0.005000017178338285,0.24128490588235296,0.8514627977766027
0.15057142857142863,0.6751529411764713,0.0,0.0,1e-05,1.2151927901707218,0.005000017147539216,0.24140942352941178,0.8523343847529965
0.15107142857142863,0.6781176470588243,0.0,0.0,1e-05,1.2145586436141422,0.005000017116783312,0.24153394117647062,0.8532034070486592
0.15157142857142863,0.6810823529411771,0.0,0.0,1e-05,1.2139244970579484,0.0050000170860705385,0.24165845882352943,0.8540698646635965
0.15207142857142864,0.6840470588235301,0.0,0.0,1e-05,1.2132903505021395,0.005000017055400862,0.24178297647058827,0.854933757597814
0.15257142857142864,0.6870117647058831,0.0,0.0,1e-05,1.2126562039467157,0.005000017024774248,0.2419074941176471,0.8557950858513166
0.15307142857142864,0.689976470588236,0.0,0.0,1e-05,1.212022057391676,0.005000016994190661,0.2420320117647059,0.8566538494241098
0.15357142857142864,0.692941176470589,0.0,0.0,1e-05,1.21138791083702,0.005000016963650068,0.24215652941176474,0.8575100483161993
0.15407142857142864,0.6959058823529419,0.0,0.0,1e-05,1.2107537642827473,0.005000016933152434,0.24228104705882356,0.85836368252759
0.15457142857142864,0.6988705882352948,0.0,0.0,1e-05,1.210119617728857,0.005000016902697726,0.24240556470588237,0.8592147520582878
0.15507142857142864,0.7018352941176478,0.0,0.0,1e-05,1.2094854711753489,0.005000016872285909,0.2425300823529412,0.8600632569082974
0.15557142857142864,0.7048000000000008,0.0,0.0,1e-05,1.2088513246222223,0.005000016841916947,0.24265460000000003,0.8609091970776247
0.15607142857142864,0.7077647058823537,0.0,0.0,1e-05,1.2082171780694768,0.005000016811590808,0.24277911764705884,0.8617525725662748
0.15657142857142864,0.7107294117647066,0.0,0.0,1e-05,1.2075830315171119,0.005000016781307457,0.24290363529411768,0.862593383374253
0.15707142857142864,0.7136941176470596,0.0,0.0,1e-05,1.2069488849651269,0.005000016751066858,0.2430281529411765,0.8634316295015647
0.15757142857142864,0.7166588235294126,0.0,0.0,1e-05,1.2063147384135215,0.0050000167208689794,0.2431526705882353,0.8642673109482149
0.15807142857142864,0.7196235294117654,0.0,0.0,1e-05,1.205680591862295,0.005000016690713783,0.24327718823529415,0.8651004277142093
0.15857142857142864,0.7225882352941184,0.0,0.0,1e-05,1.205046445311447,0.005000016660601238,0.24340170588235296,0.865930979799553
0.15907142857142864,0.7255529411764714,0.0,0.0,1e-05,1.2044122987609767,0.005000016630531307,0.24352622352941178,0.8667589672042514
0.15957142857142864,0.7285176470588243,0.0,0.0,1e-05,1.203778152210884,0.005000016600503957,0.24365074117647062,0.8675843899283094
0.16007142857142864,0.7314823529411772,0.0,0.0,1e-05,1.203144005661168,0.005000016570519152,0.24377525882352943,0.8684072479717326
0.16057142857142864,0.7344470588235302,0.0,0.0,1e-05,1.2025098591118282,0.005000016540576859,0.24389977647058828,0.8692275413345265
0.16107142857142864,0.7374117647058831,0.0,0.0,1e-05,1.2018757125628643,0.005000016510677042,0.2440242941176471,0.8700452700166958
0.16157142857142864,0.7403764705882361,0.0,0.0,1e-05,1.2012415660142757,0.0050000164808196666,0.2441488117647059,0.870860434018246
0.16207142857142864,0.7433411764705891,0.0,0.0,1e-05,1.2006074194660619,0.005000016451004699,0.24427332941176474,0.8716730333391821
0.16257142857142864,0.7463058823529419,0.0,0.0,1e-05,1.1999732729182222,0.005000016421232103,0.24439784705882356,0.8724830679795097
0.16307142857142864,0.7492705882352949,0.0,0.0,1e-05,1.1993391263707562,0.005000016391501845,0.24452236470588237,0.8732905379392337
0.16357142857142865,0.7522352941176479,0.0,0.0,1e-05,1.1987049798236635,0.005000016361813889,0.24464688235294121,0.8740954432183593
0.16407142857142865,0.7552000000000008,0.0,0.0,1e-05,1.1980708332769434,0.005000016332168201,0.24477140000000003,0.8748977838168919
0.16457142857142865,0.7581647058823537,0.0,0.0,1e-05,1.1974366867305952,0.005000016302564747,0.24489591764705884,0.8756975597348368
0.16507142857142865,0.7611294117647067,0.0,0.0,1e-05,1.196802540184619,0.00500001627300349,0.24502043529411768,0.8764947709721985
0.16557142857142865,0.7640941176470596,0.0,0.0,1e-05,1.1961683936390135,0.005000016243484397,0.2451449529411765,0.8772894175289829
0.16607142857142865,0.7670588235294126,0.0,0.0,1e-05,1.1955342470937786,0.005000016214007432,0.24526947058823534,0.8780814994051949
0.16657142857142865,0.7700235294117656,0.0,0.0,1e-05,1.1949001005489137,0.00500001618457256,0.24539398823529415,0.8788710166008397
0.16707142857142865,0.7729882352941184,0.0,0.0,1e-05,1.1942659540044185,0.005000016155179746,0.24551850588235297,0.8796579691159221
0.16757142857142865,0.7759529411764714,0.0,0.0,1e-05,1.193631807460292,0.005000016125828956,0.2456430235294118,0.8804423569504477
0.16807142857142865,0.7789176470588244,0.0,0.0,1e-05,1.192997660916534,0.005000016096520153,0.24576754117647062,0.8812241801044214
0.16857142857142865,0.7818823529411772,0.0,0.0,1e-05,1.192363514373144,0.005000016067253305,0.24589205882352944,0.8820034385778484
0.16907142857142865,0.7848470588235302,0.0,0.0,1e-05,1.191729367830121,0.005000016038028373,0.24601657647058828,0.8827801323707338
0.16957142857142865,0.7878117647058832,0.0,0.0,1e-05,1.1910952212874653,0.005000016008845326,0.2461410941176471,0.8835542614830826
0.17007142857142865,0.7907764705882361,0.0,0.0,1e-05,1.1904610747451758,0.005000015979704125,0.2462656117647059,0.8843258259148997
0.17057142857142865,0.7937411764705891,0.0,0.0,1e-05,1.189826928203252,0.005000015950604738,0.24639012941176475,0.8850948256661906
0.17107142857142865,0.796705882352942,0.0,0.0,1e-05,1.1891927816616936,0.005000015921547128,0.24651464705882356,0.8858612607369603
0.17157142857142865,0.7996705882352949,0.0,0.0,1e-05,1.1885586351204998,0.00500001589253126,0.24663916470588237,0.8866251311272138
0.17207142857142865,0.8026352941176479,0.0,0.0,1e-05,1.1879244885796703,0.005000015863557099,0.24676368235294122,0.887386436836956
0.17257142857142865,0.8056000000000009,0.0,0.0,1e-05,1.1872903420392045,0.00500001583462461,0.24688820000000003,0.888145177866192
0.17307142857142865,0.8085647058823537,0.0,0.0,1e-05,1.186656195499102,0.005000015805733757,0.24701271764705884,0.8889013542149268
0.17357142857142865,0.8115294117647067,0.0,0.0,1e-05,1.1860220489593618,0.0050000157768845055,0.24713723529411769,0.8896549658831658
0.17407142857142865,0.8144941176470597,0.0,0.0,1e-05,1.185387902419984,0.005000015748076819,0.2472617529411765,0.8904060128709135
0.17457142857142866,0.8174588235294127,0.0,0.0,1e-05,1.1847537558809678,0.005000015719310664,0.2473862705882353,0.8911544951781752
0.17507142857142866,0.8204235294117656,0.0,0.0,1e-05,1.1841196093423125,0.005000015690586003,0.24751078823529415,0.8919004128049561
0.17557142857142866,0.8233882352941185,0.0,0.0,1e-05,1.1834854628040177,0.0050000156619028025,0.24763530588235297,0.892643765751261
0.17607142857142866,0.8263529411764715,0.0,0.0,1e-05,1.182851316266083,0.005000015633261026,0.24775982352941178,0.8933845540170947
0.17657142857142866,0.8293176470588244,0.0,0.0,1e-05,1.1822171697285078,0.005000015604660638,0.24788434117647062,0.8941227776024624
0.17707142857142866,0.8322823529411774,0.0,0.0,1e-05,1.1815830231912916,0.005000015576101604,0.24800885882352944,0.8948584365073688
0.17757142857142866,0.8352470588235303,0.0,0.0,1e-05,1.1809488766544338,0.005000015547583887,0.24813337647058825,0.8955915307318192
0.17807142857142866,0.8382117647058832,0.0,0.0,1e-05,1.180314730117934,0.005000015519107453,0.2482578941176471,0.8963220602758184
0.17857142857142866,0.8411764705882362,0.0,0.0,1e-05,1.1796805835817914,0.005000015490672266,0.2483824117647059,0.8970500251393714
0.17907142857142866,0.8441411764705892,0.0,0.0,1e-05,1.1790464370460056,0.0050000154622782894,0.24850692941176475,0.8977754253224832
0.17957142857142866,0.847105882352942,0.0,0.0,1e-05,1.1784122905105765,0.0050000154339254884,0.24863144705882356,0.8984982608251584
0.18007142857142866,0.850070588235295,0.0,0.0,1e-05,1.1777781439755028,0.005000015405613828,0.24875596470588238,0.8992185316474024
0.18057142857142866,0.853035294117648,0.0,0.0,1e-05,1.1771439974407847,0.005000015377343271,0.24888048235294122,0.8999362377892196
0.18107142857142866,0.8560000000000009,0.0,0.0,1e-05,1.1765098509064211,0.005000015349113784,0.24900500000000003,0.9006513792506154
0.18157142857142866,0.8589647058823539,0.0,0.0,1e-05,1.175875704372412,0.00500001532092533,0.24912951764705887,0.9013639560315942
0.18207142857142866,0.8619294117647068,0.0,0.0,1e-05,1.1752415578387563,0.005000015292777872,0.2492540352941177,0.9020739681321615
0.18257142857142866,0.8648941176470597,0.0,0.0,1e-05,1.1746074113054539,0.005000015264671377,0.2493785529411765,0.9027814155523216
0.18307142857142866,0.8678588235294127,0.0,0.0,1e-05,1.173973264772504,0.005000015236605807,0.24950307058823534,0.9034862982920797
0.18357142857142866,0.8708235294117657,0.0,0.0,1e-05,1.1733391182399064,0.005000015208581128,0.24962758823529416,0.9041886163514405
0.18407142857142866,0.8737882352941185,0.0,0.0,1e-05,1.1727049717076605,0.005000015180597304,0.24975210588235297,0.9048883697304088
0.18457142857142866,0.8767529411764715,0.0,0.0,1e-05,1.1720708251757654,0.005000015152654297,0.2498766235294118,0.9055855584289897
0.18507142857142866,0.8797176470588245,0.0,0.0,1e-05,1.171436678644221,0.005000015124752073,0.25000114117647065,0.9062801824471879
0.18557142857142866,0.8826823529411774,0.0,0.0,1e-05,1.1708025321130267,0.005000015096890597,0.25012565882352944,0.906972241785008
0.18607142857142867,0.8856470588235303,0.0,0.0,1e-05,1.1701683855821816,0.005000015069069832,0.2502501764705883,0.9076617364424553
0.18657142857142867,0.8886117647058833,0.0,0.0,1e-05,1.1695342390516856,0.0050000150412897425,0.2503746941176471,0.9083486664195342
0.18707142857142867,0.8915764705882362,0.0,0.0,1e-05,1.1689000925215383,0.005000015013550291,0.2504992117647059,0.9090330317162494
0.18757142857142867,0.8945411764705892,0.0,0.0,1e-05,1.1682659459917386,0.005000014985851444,0.25062372941176475,0.9097148323326062
0.18807142857142867,0.8975058823529422,0.0,0.0,1e-05,1.1676317994622862,0.005000014958193165,0.2507482470588236,0.9103940682686092
0.18857142857142867,0.900470588235295,0.0,0.0,1e-05,1.166997652933181,0.005000014930575417,0.2508727647058824,0.911070739524263
0.18907142857142867,0.903435294117648,0.0,0.0,1e-05,1.166363506404422,0.005000014902998165,0.2509972823529412,0.9117448460995722
0.18957142857142867,0.906400000000001,0.0,0.0,1e-05,1.1657293598760088,0.0050000148754613715,0.25112180000000006,0.9124163879945419
0.19007142857142867,0.9093647058823539,0.0,0.0,1e-05,1.1650952133479406,0.005000014847965003,0.25124631764705885,0.9130853652091772
0.19057142857142867,0.9123294117647068,0.0,0.0,1e-05,1.1644610668202175,0.005000014820509021,0.2513708352941177,0.9137517777434819
0.19107142857142867,0.9152941176470598,0.0,0.0,1e-05,1.1638269202928395,0.005000014793093391,0.25149535294117653,0.9144156255974605
0.19157142857142867,0.9182588235294127,0.0,0.0,1e-05,1.1631927737658085,0.005000014765718076,0.2516198705882353,0.9150769087711149
0.19207142857142867,0.9212235294117657,0.0,0.0,1e-05,1.1625586272391206,0.005000014738383041,0.25174438823529416,0.9157356272644536
0.19257142857142867,0.9241882352941186,0.0,0.0,1e-05,1.161924480712775,0.00500001471108825,0.251868905882353,0.9163917810774813
0.19307142857142867,0.9271529411764716,0.0,0.0,1e-05,1.1612903341867717,0.005000014683833665,0.2519934235294118,0.9170453702102025
0.19357142857142867,0.9301176470588245,0.0,0.0,1e-05,1.16065618766111,0.005000014656619252,0.25211794117647063,0.917696394662622
0.19407142857142867,0.9330823529411775,0.0,0.0,1e-05,1.1600220411357893,0.005000014629444972,0.25224245882352947,0.9183448544347441
0.19457142857142867,0.9360470588235305,0.0,0.0,1e-05,1.1593878946108092,0.005000014602310793,0.25236697647058826,0.918990749526574
0.19507142857142867,0.9390117647058833,0.0,0.0,1e-05,1.1587537480861692,0.005000014575216675,0.2524914941176471,0.9196340799381159
0.19557142857142867,0.9419764705882363,0.0,0.0,1e-05,1.1581196015618689,0.0050000145481625844,0.25261601176470594,0.9202748456693745
0.19607142857142867,0.9449411764705893,0.0,0.0,1e-05,1.1574854550379077,0.005000014521148483,0.2527405294117647,0.9209130467203545
0.19657142857142867,0.9479058823529422,0.0,0.0,1e-05,1.1568513085142853,0.005000014494174336,0.25286504705882357,0.9215486830910602
0.19707142857142868,0.9508705882352951,0.0,0.0,1e-05,1.1562171619910009,0.0050000144672401065,0.2529895647058824,0.9221817547814968
0.19757142857142868,0.9538352941176481,0.0,0.0,1e-05,1.1555830154680544,0.005000014440345759,0.2531140823529412,0.9228122617916682
0.19807142857142868,0.956800000000001,0.0,0.0,1e-05,1.154948868945445,0.005000014413491255,0.25323860000000004,0.9234402041215795
0.19857142857142868,0.959764705882354,0.0,0.0,1e-05,1.1543147224231722,0.005000014386676561,0.2533631176470589,0.924065581771235
0.19907142857142868,0.9627294117647069,0.0,0.0,1e-05,1.1536805759012358,0.0050000143599016385,0.25348763529411766,0.9246883947406394
0.19957142857142868,0.9656941176470598,0.0,0.0,1e-05,1.1530464293796354,0.005000014333166452,0.2536121529411765,0.9253086430297968
0.20007142857142868,0.9686588235294128,0.0,0.0,1e-05,1.15241228285837,0.005000014306470966,0.25373667058823535,0.9259263266387123
0.20057142857142868,0.9716235294117658,0.0,0.0,1e-05,1.1517781363374395,0.005000014279815144,0.25386118823529413,0.9265414455673904
0.20107142857142868,0.9745882352941186,0.0,0.0,1e-05,1.1511439898168434,0.005000014253198948,0.253985705882353,0.9271539998158352
0.20157142857142868,0.9775529411764716,0.0,0.0,1e-05,1.150509843296581,0.005000014226622342,0.2541102235294118,0.9277639893840518
0.20207142857142868,0.9805176470588246,0.0,0.0,1e-05,1.1498756967766521,0.005000014200085291,0.2542347411764706,0.9283714142720441
0.20257142857142868,0.9834823529411775,0.0,0.0,1e-05,1.1492415502570559,0.005000014173587757,0.25435925882352944,0.9289762744798171
0.20307142857142868,0.9864470588235305,0.0,0.0,1e-05,1.1486074037377922,0.005000014147129705,0.2544837764705883,0.9295785700073751
0.20357142857142868,0.9894117647058834,0.0,0.0,1e-05,1.1479732572188603,0.005000014120711097,0.25460829411764707,0.9301783008547225
0.20407142857142868,0.9923764705882363,0.0,0.0,1e-05,1.14733911070026,0.005000014094331898,0.2547328117647059,0.930775467021864
0.20457142857142868,0.9953411764705893,0.0,0.0,1e-05,1.1467049641819906,0.00500001406799207,0.25485732941176475,0.9313700685088038
0.20507142857142868,0.9983058823529423,0.0,0.0,1e-05,1.1460708176640515,0.005000014041691578,0.25498184705882354,0.9319621053155467
0.20557142857142868,1.001270588235295,0.0,0.0,1e-05,1.1454366711464425,0.005000014015430384,0.2551063647058824,0.9325515774420967
0.20607142857142868,1.004235294117648,0.0,0.0,1e-05,1.144802524629163,0.005000013989208452,0.2552308823529412,0.9331384848884586
0.20657142857142868,1.007200000000001,0.0,0.0,1e-05,1.1441683781122125,0.005000013963025747,0.2553554,0.9337228276546369
0.20707142857142868,1.010164705882354,0.0,0.0,1e-05,1.1435342315955905,0.00500001393688223,0.25547991764705885,0.9343046057406358
0.20757142857142868,1.013129411764707,0.0,0.0,1e-05,1.1429000850792965,0.005000013910777866,0.2556044352941177,0.9348838191464599
0.20807142857142868,1.01609411764706,0.0,0.0,1e-05,1.14226593856333,0.005000013884712618,0.25572895294117653,0.9354604678721136
0.20857142857142869,1.019058823529413,0.0,0.0,1e-05,1.1416317920476908,0.0050000138586864485,0.2558534705882353,0.936034551917601
0.20907142857142869,1.0220235294117659,0.0,0.0,1e-05,1.140997645532378,0.005000013832699322,0.25597798823529416,0.9366060712829269
0.2095714285714287,1.0249882352941189,0.0,0.0,1e-05,1.1403634990173914,0.005000013806751202,0.256102505882353,0.9371750259680955
0.2100714285714287,1.0279529411764716,0.0,0.0,1e-05,1.1397293525027303,0.005000013780842051,0.2562270235294118,0.9377414159731114
0.2105714285714287,1.0309176470588246,0.0,0.0,1e-05,1.1390952059883945,0.005000013754971832,0.25635154117647063,0.9383052412979787
0.2110714285714287,1.0338823529411776,0.0,0.0,1e-05,1.1384610594743831,0.0050000137291405095,0.2564760588235295,0.9388665019427019
0.2115714285714287,1.0368470588235306,0.0,0.0,1e-05,1.1378269129606962,0.005000013703348047,0.25660057647058826,0.9394251979072854
0.2120714285714287,1.0398117647058833,0.0,0.0,1e-05,1.1371927664473327,0.005000013677594406,0.2567250941176471,0.9399813291917335
0.2125714285714287,1.0427764705882363,0.0,0.0,1e-05,1.1365586199342925,0.005000013651879551,0.25684961176470594,0.9405348957960505
0.2130714285714287,1.0457411764705893,0.0,0.0,1e-05,1.1359244734215752,0.005000013626203446,0.25697412941176473,0.9410858977202408
0.2135714285714287,1.0487058823529423,0.0,0.0,1e-05,1.1352903269091799,0.005000013600566053,0.25709864705882357,0.9416343349643088
0.2140714285714287,1.0516705882352952,0.0,0.0,1e-05,1.1346561803971065,0.005000013574967335,0.2572231647058824,0.9421802075282587
0.2145714285714287,1.0546352941176482,0.0,0.0,1e-05,1.1340220338853542,0.005000013549407257,0.2573476823529412,0.942723515412095
0.2150714285714287,1.0576000000000012,0.0,0.0,1e-05,1.133387887373923,0.0050000135238857804,0.25747220000000004,0.9432642586158216
0.2155714285714287,1.0605647058823542,0.0,0.0,1e-05,1.1327537408628117,0.0050000134984028695,0.2575967176470589,0.9438024371394433
0.2160714285714287,1.0635294117647072,0.0,0.0,1e-05,1.1321195943520204,0.005000013472958487,0.2577212352941177,0.9443380509829643
0.2165714285714287,1.06649411764706,0.0,0.0,1e-05,1.1314854478415486,0.005000013447552596,0.2578457529411765,0.9448711001463884
0.2170714285714287,1.069458823529413,0.0,0.0,1e-05,1.1308513013313954,0.005000013422185159,0.25797027058823535,0.9454015846297205
0.2175714285714287,1.0724235294117659,0.0,0.0,1e-05,1.1302171548215607,0.005000013396856141,0.2580947882352942,0.9459295044329645
0.2180714285714287,1.0753882352941186,0.0,0.0,1e-05,1.129583008312044,0.005000013371565504,0.258219305882353,0.9464548595561249
0.2185714285714287,1.0783529411764716,0.0,0.0,1e-05,1.1289488618028445,0.005000013346313211,0.2583438235294118,0.9469776499992058
0.2190714285714287,1.0813176470588246,0.0,0.0,1e-05,1.1283147152939619,0.0050000133210992255,0.2584683411764706,0.9474978757622115
0.2195714285714287,1.0842823529411776,0.0,0.0,1e-05,1.127680568785396,0.005000013295923511,0.25859285882352945,0.948015536845146
0.2200714285714287,1.0872470588235306,0.0,0.0,1e-05,1.1270464222771457,0.005000013270786029,0.2587173764705883,0.948530633248014
0.2205714285714287,1.0902117647058835,0.0,0.0,1e-05,1.126412275769211,0.005000013245686745,0.25884189411764713,0.9490431649708193
0.2210714285714287,1.0931764705882365,0.0,0.0,1e-05,1.1257781292615914,0.0050000132206256195,0.2589664117647059,0.9495531320135664
0.2215714285714287,1.0961411764705895,0.0,0.0,1e-05,1.1251439827542862,0.005000013195602618,0.25909092941176476,0.9500605343762594
0.2220714285714287,1.0991058823529425,0.0,0.0,1e-05,1.124509836247295,0.005000013170617702,0.2592154470588236,0.9505653720589025
0.2225714285714287,1.1020705882352952,0.0,0.0,1e-05,1.1238756897406175,0.005000013145670834,0.2593399647058824,0.9510676450614997
0.2230714285714287,1.1050352941176482,0.0,0.0,1e-05,1.1232415432342528,0.005000013120761979,0.25946448235294123,0.9515673533840554
0.2235714285714287,1.1080000000000012,0.0,0.0,1e-05,1.1226073967282009,0.005000013095891098,0.25958900000000007,0.9520644970265738
0.2240714285714287,1.1109647058823542,0.0,0.0,1e-05,1.1219732502224609,0.005000013071058156,0.25971351764705886,0.9525590759890592
0.2245714285714287,1.1139294117647072,0.0,0.0,1e-05,1.1213391037170326,0.005000013046263115,0.2598380352941177,0.9530510902715154
0.2250714285714287,1.11689411764706,0.0,0.0,1e-05,1.1207049572119154,0.005000013021505938,0.25996255294117654,0.9535405398739466
0.2255714285714287,1.119858823529413,0.0,0.0,1e-05,1.120070810707109,0.005000012996786587,0.2600870705882353,0.9540274247963573
0.2260714285714287,1.1228235294117659,0.0,0.0,1e-05,1.1194366642026123,0.0050000129721050265,0.26021158823529417,0.9545117450387514
0.2265714285714287,1.1257882352941189,0.0,0.0,1e-05,1.1188025176984258,0.00500001294746122,0.260336105882353,0.9549935006011327
0.2270714285714287,1.1287529411764718,0.0,0.0,1e-05,1.118168371194548,0.005000012922855128,0.2604606235294118,0.9554726914835061
0.2275714285714287,1.1317176470588248,0.0,0.0,1e-05,1.1175342246909792,0.005000012898286716,0.26058514117647064,0.9559493176858751
0.2280714285714287,1.1346823529411776,0.0,0.0,1e-05,1.1169000781877185,0.005000012873755945,0.2607096588235295,0.9564233792082439
0.2285714285714287,1.1376470588235306,0.0,0.0,1e-05,1.1162659316847656,0.005000012849262779,0.26083417647058826,0.9568948760506167
0.2290714285714287,1.1406117647058835,0.0,0.0,1e-05,1.11563178518212,0.00500001282480718,0.2609586941176471,0.9573638082129976
0.2295714285714287,1.1435764705882365,0.0,0.0,1e-05,1.114997638679781,0.0050000128003891125,0.26108321176470595,0.9578301756953906
0.2300714285714287,1.1465411764705895,0.0,0.0,1e-05,1.1143634921777485,0.005000012776008538,0.26120772941176473,0.9582939784977998
0.2305714285714287,1.1495058823529425,0.0,0.0,1e-05,1.1137293456760218,0.00500001275166542,0.2613322470588236,0.9587552166202294
0.2310714285714287,1.1524705882352952,0.0,0.0,1e-05,1.1130951991746,0.005000012727359721,0.2614567647058824,0.9592138900626834
0.2315714285714287,1.1554352941176482,0.0,0.0,1e-05,1.1124610526734835,0.005000012703091404,0.2615812823529412,0.9596699988251657
0.2320714285714287,1.1584000000000012,0.0,0.0,1e-05,1.111826906172671,0.005000012678860432,0.26170580000000004,0.9601235429076805
0.2325714285714287,1.1613647058823542,0.0,0.0,1e-05,1.1111927596721627,0.005000012654666769,0.2618303176470589,0.9605745223102318
0.2330714285714287,1.1643294117647072,0.0,0.0,1e-05,1.1105586131719578,0.0050000126305103755,0.26195483529411767,0.9610229370328234
0.2335714285714287,1.1672941176470601,0.0,0.0,1e-05,1.109924466672056,0.005000012606391216,0.2620793529411765,0.9614687870754594
0.2340714285714287,1.170258823529413,0.0,0.0,1e-05,1.1092903201724567,0.005000012582309253,0.26220387058823535,0.9619120724381438
0.2345714285714287,1.1732235294117659,0.0,0.0,1e-05,1.1086561736731595,0.005000012558264448,0.26232838823529414,0.9623527931208807
0.2350714285714287,1.1761882352941189,0.0,0.0,1e-05,1.108022027174164,0.005000012534256766,0.262452905882353,0.9627909491236739
0.2355714285714287,1.1791529411764718,0.0,0.0,1e-05,1.1073878806754698,0.005000012510286169,0.2625774235294118,0.9632265404465277
0.2360714285714287,1.1821176470588248,0.0,0.0,1e-05,1.1067537341770763,0.00500001248635262,0.2627019411764706,0.9636595670894456
0.2365714285714287,1.1850823529411778,0.0,0.0,1e-05,1.1061195445292418,0.0050000124624544565,0.26282645882352945,0.9640900582554409
0.2370714285714287,1.1880470588235306,0.0,2.3785523382647162,1e-05,1.1055349625154633,0.00500001244045841,0.2629509764705883,0.9644846035933028
0.2375714285714287,1.1910117647058835,0.0,10.768532808684082,1e-05,1.1052219418296383,0.005000012428693299,0.2630754941176471,0.964694971165817
0.2380714285714287,1.1939764705882365,0.0,22.908000516880673,1e-05,1.1051317391419593,0.005000012425304634,0.2632000117647059,0.9647554764827393
0.2385714285714287,1.1969411764705895,0.0,37.93342588671602,1e-05,1.1051668151504446,0.005000012426622254,0.26332452941176476,0.9647319546910467
0.2390714285714287,1.1999058823529425,0.0,52.09597530410817,1e-05,1.1055001552878996,0.00500001243914971,0.26344904705882355,0.9645080268948631
0.2395714285714287,1.2028705882352955,0.0,61.79937060308253,1e-05,1.1062278760073625,0.005000012466534091,0.2635735647058824,0.9640167039507794
0.2400714285714287,1.2058352941176484,0.0,67.60939199141905,1e-05,1.1072236856639102,0.005000012504085674,0.26369808235294123,0.963338906991859
0.2405714285714287,1.2088000000000012,0.0,70.85584161909834,1e-05,1.1083772871843742,0.005000012547701721,0.2638226,0.9625458023678434
0.24107142857142871,1.2117647058823542,0.0,72.6075427398635,1e-05,1.1096179666124202,0.0050000125947471125,0.26394711764705886,0.9616833590425967
0.24157142857142871,1.2147294117647072,0.0,73.52654570765529,1e-05,1.1109058101745364,0.005000012643731454,0.2640716352941177,0.960777746395184
0.24207142857142872,1.2176941176470601,0.0,73.99278690252815,1e-05,1.1122189292384976,0.005000012693835373,0.26419615294117654,0.959843469134455
0.24257142857142872,1.2206588235294131,0.0,74.22379064661665,1e-05,1.1135450856265974,0.005000012744599207,0.26432067058823533,0.9588887548789817
0.24307142857142872,1.223623529411766,0.0,74.32448411723747,1e-05,1.1148784366299764,0.005000012795803376,0.26444518823529417,0.9579175535633051
0.24357142857142872,1.2265882352941189,0.0,74.36104825458712,1e-05,1.1162153222281725,0.005000012847309667,0.26456970588235296,0.9569323943858483
0.24407142857142872,1.2295529411764718,0.0,74.36096999734757,1e-05,1.1175542259685358,0.00500001289906104,0.2646942235294118,0.9559343238422782
0.24457142857142872,1.2325176470588248,0.0,74.34189630869798,1e-05,1.118894175854139,0.00500001295102085,0.26481874117647064,0.9549240272575417
0.24507142857142872,1.2354823529411778,0.0,74.31393248930213,1e-05,1.1202346155940286,0.005000013003168163,0.2649432588235295,0.953901904378049
0.24557142857142872,1.2384470588235308,0.0,74.28014804953801,1e-05,1.1215753763332046,0.005000013055496914,0.26506777647058827,0.9528680735632643
0.24607142857142872,1.2414117647058838,0.0,74.24270530195383,1e-05,1.1229163391165347,0.005000013108002909,0.2651922941176471,0.951822619828409
0.24657142857142872,1.2443764705882365,0.0,74.20359015885006,1e-05,1.124257394616105,0.005000013160682272,0.26531681176470595,0.950765624627607
0.24707142857142872,1.2473411764705895,0.0,74.16352674666615,1e-05,1.1255985029744686,0.005000013213533817,0.26544132941176474,0.9496971175082028
0.24757142857142872,1.2503058823529425,0.0,74.1227170653421,1e-05,1.1269396530924618,0.005000013266557472,0.2655658470588236,0.9486171060993797
0.24807142857142872,1.2532705882352955,0.0,74.08122384531251,1e-05,1.1282808415434962,0.005000013319753465,0.2656903647058824,0.9475255921329477
0.24857142857142872,1.2562352941176484,0.0,74.0391097578277,1e-05,1.1296220649009832,0.0050000133731220265,0.2658148823529412,0.9464225774579251
0.24907142857142872,1.2592000000000014,0.0,73.99643741220412,1e-05,1.1309633197383344,0.005000013426663379,0.26593940000000005,0.9453080640405446
0.24957142857142872,1.2621647058823542,0.0,73.95326935325373,1e-05,1.1323046026289614,0.005000013480377747,0.2660639176470589,0.9441820539642622
0.2500714285714287,1.2651294117647072,0.0,73.90966805903355,1e-05,1.1336459101462757,0.0050000135342653535,0.2661884352941177,0.9430445494297628
0.2505714285714287,1.2680941176470601,0.0,73.86565409515924,1e-05,1.1349872411757354,0.005000013588326508,0.2663129529411765,0.9418955507645531
0.2510714285714287,1.2710588235294131,0.0,73.82118861477099,1e-05,1.13632859788546,0.005000013642561659,0.26643747058823536,0.9407350554801803
0.2515714285714287,1.274023529411766,0.0,73.77627355111998,1e-05,1.1376699801917702,0.005000013696971158,0.2665619882352942,0.9395630629910637
0.2520714285714287,1.276988235294119,0.0,73.73090906647478,1e-05,1.13901138810907,0.005000013751555365,0.266686505882353,0.9383795726275176
0.2525714285714287,1.2799529411764718,0.0,73.68509532778546,1e-05,1.1403528216517642,0.005000013806314637,0.26681102352941183,0.9371845837193498
0.2530714285714287,1.2829176470588248,0.0,73.63883250667044,1e-05,1.1416942808342578,0.005000013861249332,0.2669355411764706,0.9359780955958625
0.2535714285714287,1.2858823529411778,0.0,73.59212077948933,1e-05,1.1430357656709549,0.005000013916359808,0.26706005882352946,0.9347601075858536
0.2540714285714287,1.2888470588235308,0.0,73.54496032726477,1e-05,1.1443772761762603,0.005000013971646421,0.2671845764705883,0.9335306190176144
0.2545714285714287,1.2918117647058838,0.0,73.49735133574461,1e-05,1.1457188123645787,0.00500001402710953,0.26730909411764714,0.9322896292189308
0.2550714285714287,1.2947764705882367,0.0,73.44929399539394,1e-05,1.1470603742503147,0.005000014082749489,0.2674336117647059,0.9310371375170835
0.2555714285714287,1.2977411764705895,0.0,73.400788501441,1e-05,1.148401961847873,0.005000014138566657,0.26755812941176477,0.9297731432388472
0.2560714285714287,1.3007058823529425,0.0,73.35183505381535,1e-05,1.1497435751716578,0.00500001419456139,0.2676826470588236,0.9284976457104913
0.25657142857142873,1.3036705882352955,0.0,73.30243385720453,1e-05,1.1510852142360743,0.005000014250734043,0.2678071647058824,0.9272106442577791
0.25707142857142873,1.3066352941176484,0.0,73.25258512107314,1e-05,1.1524268790555268,0.005000014307084973,0.26793168235294124,0.9259121382059688
0.25757142857142873,1.3096000000000014,0.0,73.20228905962249,1e-05,1.1537685696444198,0.005000014363614534,0.2680562000000001,0.9246021268798126
0.25807142857142873,1.3125647058823544,0.0,73.15154589182049,1e-05,1.1551102860171583,0.0050000144203230824,0.26818071764705886,0.9232806096035566
0.25857142857142873,1.3155294117647074,0.0,73.10035584145814,1e-05,1.1564520281881465,0.005000014477210973,0.2683052352941177,0.921947585700942
0.25907142857142873,1.3184941176470601,0.0,73.04871913707724,1e-05,1.1577937961717892,0.0050000145342785594,0.26842975294117655,0.9206030544952035
0.25957142857142873,1.3214588235294131,0.0,72.99663601200547,1e-05,1.1591355899824913,0.005000014591526198,0.26855427058823533,0.9192470153090702
0.26007142857142873,1.324423529411766,0.0,72.94410670442907,1e-05,1.1604774096346568,0.005000014648954242,0.2686787882352942,0.9178794674647658
0.26057142857142873,1.327388235294119,0.0,72.89111428493678,1e-05,1.1618192560978593,0.0050000147065630855,0.268803305882353,0.9165004092982635
0.26107142857142873,1.330352941176472,0.0,72.83767131983052,1e-05,1.1631611287021162,0.005000014764353054,0.2689278235294118,0.915109840818404
0.26157142857142873,1.333317647058825,0.0,72.78378454799348,1e-05,1.1645030271010957,0.005000014822324484,0.26905234117647064,0.9137077617173985
0.26207142857142873,1.3362823529411778,0.0,72.72945370448747,1e-05,1.1658449513382017,0.005000014880477731,0.2691768588235295,0.912294171287084
0.26257142857142873,1.3392470588235308,0.0,72.67467852996357,1e-05,1.1671869014568386,0.005000014938813148,0.26930137647058827,0.9108690688177977
0.26307142857142873,1.3422117647058838,0.0,72.61945877074056,1e-05,1.1685288775004106,0.005000014997331088,0.2694258941176471,0.9094324535983789
0.26357142857142873,1.3451764705882368,0.0,72.56379417876019,1e-05,1.1698708795123216,0.005000015056031906,0.26955041176470595,0.9079843249161681
0.26407142857142873,1.3481411764705897,0.0,72.50768451162288,1e-05,1.171212907535976,0.005000015114915952,0.26967492941176474,0.9065246820570068
0.26457142857142874,1.3511058823529427,0.0,72.45112953267163,1e-05,1.1725549616147781,0.00500001517398358,0.2697994470588236,0.9050535243052374
0.26507142857142874,1.3540705882352955,0.0,72.39412901094211,1e-05,1.173897041792132,0.005000015233235143,0.2699239647058824,0.9035708509437038
0.26557142857142874,1.3570352941176484,0.0,72.33668272121457,1e-05,1.1752391481114417,0.005000015292670992,0.2700484823529412,0.9020766612537506
0.26607142857142874,1.3600000000000014,0.0,72.2787904440817,1e-05,1.1765812806161116,0.005000015352291477,0.27017300000000005,0.9005709545152234
0.26657142857142874,1.3629647058823544,0.0,72.22045196589362,1e-05,1.177923439349546,0.005000015412096951,0.2702975176470589,0.8990537300064683
0.26707142857142874,1.3659294117647074,0.0,72.16166707884727,1e-05,1.1792656243551485,0.005000015472087766,0.2704220352941177,0.8975249870043329
0.26757142857142874,1.3688941176470604,0.0,72.10243558100098,1e-05,1.1806078356763239,0.005000015532264268,0.2705465529411765,0.8959847247841646
0.26807142857142874,1.3718588235294131,0.0,72.04275727626768,1e-05,1.1819500733564763,0.005000015592626811,0.27067107058823536,0.8944329426198115
0.26857142857142874,1.374823529411766,0.0,71.98263197445632,1e-05,1.1832923374390096,0.0050000156531757435,0.27079558823529415,0.8928696397836232
0.26907142857142874,1.377788235294119,0.0,71.92205949134528,1e-05,1.184634627967328,0.005000015713911414,0.270920105882353,0.8912948155464488
0.26957142857142874,1.380752941176472,0.0,71.86103964861171,1e-05,1.1859769449848363,0.0050000157748341725,0.27104462352941183,0.8897084691776377
0.27007142857142874,1.383717647058825,0.0,71.79957227393174,1e-05,1.187319288534938,0.005000015835944366,0.2711691411764706,0.8881105999450404
0.27057142857142874,1.386682352941178,0.0,71.73765720101132,1e-05,1.1886616586610375,0.005000015897242344,0.27129365882352946,0.886501207115007
0.27107142857142874,1.3896470588235308,0.0,71.67529426954239,1e-05,1.190004055406539,0.0050000159587284525,0.2714181764705883,0.884880289952388
0.27157142857142874,1.3926117647058838,0.0,71.61248332529256,1e-05,1.1913464788148467,0.005000016020403041,0.2715426941176471,0.8832478477205339
0.27207142857142874,1.3955764705882368,0.0,71.54922422011997,1e-05,1.1926889289293647,0.005000016082266454,0.27166721176470593,0.8816038796812954
0.27257142857142874,1.3985411764705897,0.0,71.48551681196707,1e-05,1.1940314057934973,0.00500001614431904,0.27179172941176477,0.8799483850950229
0.27307142857142874,1.4015058823529427,0.0,71.42136096490768,1e-05,1.1953739094506488,0.005000016206561143,0.2719162470588236,0.8782813632205666
0.27357142857142874,1.4044705882352957,0.0,71.35675654917799,1e-05,1.1967164399442232,0.005000016268993109,0.2720407647058824,0.8766028133152769
0.27407142857142874,1.4074352941176484,0.0,71.29170344122366,1e-05,1.1980589973176246,0.005000016331615284,0.27216528235294124,0.8749127346350039
0.27457142857142874,1.4104000000000014,0.0,71.22620152364601,1e-05,1.1994015816142574,0.005000016394428012,0.2722898,0.8732111264340965
0.27507142857142874,1.4133647058823544,0.0,71.16025068534465,1e-05,1.2007441928775255,0.005000016457431638,0.27241431764705887,0.8714979879654045
0.27557142857142874,1.4163294117647074,0.0,71.09385082142138,1e-05,1.2020868311508335,0.005000016520626505,0.2725388352941177,0.8697733184802758
0.27607142857142875,1.4192941176470604,0.0,71.02700183329108,1e-05,1.2034294964775853,0.0050000165840129555,0.27266335294117655,0.868037117228559
0.27657142857142875,1.4222588235294134,0.0,70.95970362867055,1e-05,1.2047721889011853,0.0050000166475913325,0.27278787058823534,0.8662893834586011
0.27707142857142875,1.4252235294117663,0.0,70.89195612164701,1e-05,1.2061149084650373,0.005000016711361979,0.2729123882352942,0.864530116417249
0.27757142857142875,1.428188235294119,0.0,70.82375923263527,1e-05,1.207457655212546,0.0050000167753252375,0.273036905882353,0.8627593153498482
0.27807142857142875,1.431152941176472,0.0,70.75511288844628,1e-05,1.208800429187115,0.005000016839481447,0.2731614235294118,0.8609769795002441
0.27857142857142875,1.434117647058825,0.0,70.68601702232918,1e-05,1.210143230432149,0.0050000169038309505,0.27328594117647065,0.8591831081107802
0.27907142857142875,1.437082352941178,0.0,70.61647157396577,1e-05,1.211486058991052,0.005000016968374087,0.2734104588235295,0.8573777004222998
0.27957142857142875,1.440047058823531,0.0,70.54647648948094,1e-05,1.2128289149072284,0.005000017033111196,0.2735349764705883,0.8555607556741445
0.28007142857142875,1.443011764705884,0.0,70.47603172155873,1e-05,1.2141717982240818,0.005000017098042618,0.2736594941176471,0.8537322731041556
0.28057142857142875,1.4459764705882368,0.0,70.40513722933146,1e-05,1.2155147089850171,0.005000017163168691,0.27378401176470596,0.8518922519486716
0.28107142857142875,1.4489411764705897,0.0,70.33379297851695,1e-05,1.216857647233438,0.005000017228489753,0.27390852941176475,0.8500406914425311
0.28157142857142875,1.4519058823529427,0.0,70.26199894142908,1e-05,1.2182006130127487,0.005000017294006142,0.2740330470588236,0.848177590819071
0.28207142857142875,1.4548705882352957,0.0,70.18975509695153,1e-05,1.2195436063663536,0.005000017359718195,0.27415756470588243,0.8463029493101262
0.28257142857142875,1.4578352941176487,0.0,70.11706143059068,1e-05,1.2208866273376568,0.0050000174256262485,0.27428208235294127,0.8444167661460303
0.28307142857142875,1.4608000000000017,0.0,70.04391793452326,1e-05,1.2222296759700626,0.005000017491730639,0.27440660000000006,0.8425190405556153
0.28357142857142875,1.4637647058823544,0.0,69.97032460761767,1e-05,1.223572752306975,0.005000017558031701,0.2745311176470589,0.8406097717662118
0.28407142857142875,1.4667294117647074,0.0,69.89628145541842,1e-05,1.2249158563917983,0.005000017624529771,0.2746556352941177,0.8386889590036478
0.28457142857142875,1.4696941176470604,0.0,69.82178849024135,1e-05,1.2262589882679367,0.00500001769122518,0.2747801529411765,0.8367566014922503
0.28507142857142875,1.4726588235294134,0.0,69.7468457311424,1e-05,1.2276021479787942,0.005000017758118265,0.27490467058823537,0.834812698454844
0.28557142857142875,1.4756235294117663,0.0,69.67145320396546,1e-05,1.2289453355677753,0.005000017825209358,0.2750291882352942,0.8328572491127512
0.28607142857142875,1.4785882352941193,0.0,69.59561094135866,1e-05,1.230288551078284,0.005000017892498792,0.275153705882353,0.8308902526857928
0.28657142857142875,1.481552941176472,0.0,69.51931898284845,1e-05,1.2316317945537243,0.005000017959986897,0.27527822352941184,0.8289117083922872
0.28707142857142876,1.484517647058825,0.0,69.44257737479303,1e-05,1.2329750660375007,0.0050000180276740065,0.2754027411764707,0.8269216154490503
0.28757142857142876,1.487482352941178,0.0,69.3653861704513,1e-05,1.2343183655730172,0.00500001809556045,0.27552725882352946,0.8249199730713963
0.28807142857142876,1.490447058823531,0.0,69.28774543003068,1e-05,1.2356616932036784,0.005000018163646558,0.2756517764705883,0.8229067804731358
0.28857142857142876,1.493411764705884,0.0,69.20965522066186,1e-05,1.2370050489728879,0.00500001823193266,0.27577629411764715,0.8208820368665786
0.28907142857142876,1.496376470588237,0.0,69.1311156164572,1e-05,1.23834843292405,0.005000018300419085,0.27590081176470593,0.8188457414625309
0.28957142857142876,1.4993411764705897,0.0,69.05212669853785,1e-05,1.2396918451005692,0.00500001836910616,0.2760253294117648,0.8167978934702957
0.29007142857142876,1.5023058823529427,0.0,68.97268855506088,1e-05,1.2410352855458495,0.005000018437994213,0.2761498470588236,0.8147384920976747
0.29057142857142876,1.5052705882352957,0.0,68.89280128120996,1e-05,1.2423787543032951,0.0050000185070835715,0.2762743647058824,0.8126675365509659
0.29107142857142876,1.5082352941176487,0.0,68.81246497930599,1e-05,1.2437222514163102,0.005000018576374561,0.27639888235294124,0.8105850260349645
0.29157142857142876,1.5112000000000017,0.0,68.73167975875099,1e-05,1.245065776928299,0.005000018645867507,0.2765234000000001,0.8084909597529631
0.29207142857142876,1.5141647058823546,0.0,68.65044573605536,1e-05,1.2464093308826656,0.005000018715562735,0.27664791764705887,0.8063853369067507
0.29257142857142876,1.5171294117647074,0.0,68.56876303496955,1e-05,1.2477529133228142,0.005000018785460569,0.2767724352941177,0.8042681566966139
0.29307142857142876,1.5200941176470604,0.0,68.48663178638627,1e-05,1.2490965242921492,0.005000018855561331,0.27689695294117656,0.8021394183213352
0.29357142857142876,1.5230588235294134,0.0,68.40405212843052,1e-05,1.2504401638340745,0.005000018925865346,0.27702147058823534,0.7999991209781949
0.29407142857142876,1.5260235294117663,0.0,68.32102420648191,1e-05,1.2517838319919945,0.005000018996372935,0.2771459882352942,0.797847263862969
0.29457142857142876,1.5289882352941193,0.0,68.2375481731968,1e-05,1.253127528809313,0.005000019067084418,0.277270505882353,0.795683846169931
0.29507142857142876,1.5319529411764723,0.0,68.15362418852045,1e-05,1.254471254329435,0.005000019138000119,0.2773950235294118,0.7935088670918495
0.29557142857142876,1.5349176470588253,0.0,68.06925241976128,1e-05,1.2558150085957638,0.005000019209120354,0.27751954117647065,0.7913223258199914
0.29607142857142876,1.537882352941178,0.0,67.98443304156137,1e-05,1.2571587916517042,0.005000019280445444,0.2776440588235295,0.789124221544118
0.29657142857142876,1.540847058823531,0.0,67.89916623595539,1e-05,1.25850260354066,0.005000019351975709,0.2777685764705883,0.7869145534524886
0.29707142857142876,1.543811764705884,0.0,67.81345219240342,1e-05,1.2598464443060355,0.005000019423711463,0.2778930941176471,0.7846933207318572
0.29757142857142876,1.546776470588237,0.0,67.72729110779795,1e-05,1.261190313991235,0.005000019495653026,0.27801761176470596,0.7824605225674747
0.29807142857142876,1.54974117647059,0.0,67.64068318649188,1e-05,1.2625342126396626,0.005000019567800714,0.27814212941176475,0.7802161581430881
0.29857142857142877,1.552705882352943,0.0,67.55362864037275,1e-05,1.2638781402947223,0.00500001964015484,0.2782666470588236,0.7779602266409402
0.29907142857142877,1.5556705882352957,0.0,67.46612768881828,1e-05,1.2652220969998187,0.005000019712715721,0.27839116470588243,0.7756927272417691
0.29957142857142877,1.5586352941176487,0.0,67.37818055876056,1e-05,1.2665660827983558,0.005000019785483671,0.2785156823529412,0.7734136591248091
0.30007142857142877,1.5616000000000017,0.0,67.28978748476045,1e-05,1.2679100977337376,0.005000019858459001,0.27864020000000006,0.7711230214677907
0.30057142857142877,1.5645647058823546,0.0,67.20094870893747,1e-05,1.2692541418493686,0.0050000199316420245,0.2787647176470589,0.7688208134469391
0.30107142857142877,1.5675294117647076,0.0,67.1116644810496,1e-05,1.2705982151886528,0.005000020005033053,0.2788892352941177,0.7665070342369756
0.30157142857142877,1.5704941176470606,0.0,67.02193505857278,1e-05,1.2719423177949942,0.005000020078632397,0.27901375294117653,0.7641816830111172
0.30207142857142877,1.5734588235294134,0.0,66.9317607066261,1e-05,1.2732864497117975,0.005000020152440366,0.27913827058823537,0.7618447589410752
0.30257142857142877,1.5764235294117663,0.0,66.84114169806175,1e-05,1.2746306109824665,0.00500002022645727,0.27926278823529416,0.7594962611970572
0.30307142857142877,1.5793882352941193,0.0,66.7500783135138,1e-05,1.2759748016504053,0.005000020300683416,0.279387305882353,0.7571361889477661
0.30357142857142877,1.5823529411764723,0.0,66.65857084136482,1e-05,1.2773190217590185,0.005000020375119112,0.27951182352941184,0.7547645413603987
0.30407142857142877,1.5853176470588253,0.0,66.56661957778957,1e-05,1.2786632713517099,0.005000020449764665,0.2796363411764706,0.7523813176006484
0.30457142857142877,1.5882823529411783,0.0,66.47422482685525,1e-05,1.280007550471884,0.005000020524620379,0.27976085882352947,0.749986516832702
0.30507142857142877,1.591247058823531,0.0,66.38138690044725,1e-05,1.2813518591629447,0.005000020599686561,0.2798853764705883,0.7475801382192429
0.30557142857142877,1.594211764705884,0.0,66.2880759416807,1e-05,1.2826961992284107,0.005000020674963613,0.2800098941176471,0.745162177748121
0.30607142857142877,1.597176470588237,0.0,66.19429764447031,1e-05,1.2840405704022086,0.00500002075045182,0.28013441176470594,0.7427326350943494
0.3065714285714288,1.60014117647059,0.0,66.10007104868208,1e-05,1.2853849716383534,0.005000020826151424,0.2802589294117648,0.7402915113615314
0.3070714285714288,1.603105882352943,0.0,66.00539591974794,1e-05,1.2867294030148597,0.00500002090206273,0.2803834470588236,0.7378388056337442
0.3075714285714288,1.606070588235296,0.0,65.91027203295933,1e-05,1.2880738646097427,0.005000020978186039,0.2805079647058824,0.7353745169923713
0.3080714285714288,1.6090352941176487,0.0,65.81469917356023,1e-05,1.2894183565010173,0.005000021054521654,0.28063248235294125,0.7328986445161034
0.3085714285714288,1.6120000000000017,0.0,65.71867713668726,1e-05,1.2907628787666987,0.005000021131069874,0.28075700000000003,0.7304111872809378
0.3090714285714288,1.6149647058823546,0.0,65.6222057275751,1e-05,1.2921074314848016,0.005000021207831,0.2808815176470589,0.7279121443601785
0.3095714285714288,1.6179294117647076,0.0,65.52528476146134,1e-05,1.293452014733341,0.0050000212848053316,0.2810060352941177,0.7254015148244356
0.3100714285714288,1.6208941176470606,0.0,65.42791406373597,1e-05,1.2947966285903323,0.005000021361993166,0.28113055294117656,0.7228792977416253
0.3105714285714288,1.6238588235294136,0.0,65.3300934699586,1e-05,1.2961412731337898,0.0050000214393947995,0.2812550705882354,0.720345492176971
0.3110714285714288,1.6268235294117663,0.0,65.23182282590652,1e-05,1.297485948441729,0.00500002151701053,0.2813795882352942,0.7178000971930006
0.3115714285714288,1.6297882352941193,0.0,65.13310198766322,1e-05,1.2988306545921646,0.005000021594840653,0.28150410588235303,0.7152431118495486
0.3120714285714288,1.6327529411764723,0.0,65.03393082161598,1e-05,1.300175391663112,0.005000021672885461,0.2816286235294118,0.7126745352037541
0.3125714285714288,1.6357176470588253,0.0,64.93430920457511,1e-05,1.3015201597325856,0.005000021751145249,0.28175314117647066,0.710094366310064
0.3130714285714288,1.6386823529411783,0.0,64.83423702375158,1e-05,1.3028649588786008,0.0050000218296203085,0.2818776588235295,0.7075026042202279
0.3135714285714288,1.6416470588235312,0.0,64.73371417688658,1e-05,1.3042097891791722,0.005000021908310933,0.28200217647058834,0.7048992479833023
0.3140714285714288,1.6446117647058842,0.0,64.63274057222954,1e-05,1.3055546507123152,0.005000021987217411,0.2821266941176471,0.7022842966456475
0.3145714285714288,1.647576470588237,0.0,64.53131612868303,1e-05,1.3068995435560447,0.005000022066340032,0.28225121176470597,0.6996577492509294
0.3150714285714288,1.65054117647059,0.0,64.42944077578102,1e-05,1.3082444677883753,0.005000022145679087,0.2823757294117648,0.6970196048401187
0.3155714285714288,1.653505882352943,0.0,64.32711445373816,1e-05,1.3095894234873224,0.00500002222523486,0.2825002470588236,0.6943698624514902
0.3160714285714288,1.656470588235296,0.0,64.22433711359493,1e-05,1.310934410730901,0.005000022305007641,0.28262476470588244,0.6917085211206232
0.3165714285714288,1.659435294117649,0.0,64.12110871717624,1e-05,1.3122794295971256,0.005000022384997714,0.2827492823529413,0.6890355798804013
0.3170714285714288,1.6624000000000019,0.0,64.01742923716134,1e-05,1.3136244801640118,0.0050000224652053645,0.28287380000000006,0.686351037761012
0.3175714285714288,1.6653647058823546,0.0,63.913298657224026,1e-05,1.314969562509574,0.005000022545630875,0.2829983176470589,0.6836548937899474
0.3180714285714288,1.6683294117647076,0.0,63.808716971951775,1e-05,1.3163146767118277,0.005000022626274529,0.28312283529411775,0.6809471469920024
0.3185714285714288,1.6712941176470606,0.0,63.703684186996355,1e-05,1.3176598228487875,0.005000022707136608,0.28324735294117653,0.678227796389276
0.3190714285714288,1.6742588235294136,0.0,63.59820031913388,1e-05,1.3190050009984686,0.005000022788217391,0.2833718705882354,0.6754968410011704
0.3195714285714288,1.6772235294117666,0.0,63.492265396249934,1e-05,1.3203502112388859,0.00500002286951716,0.2834963882352942,0.6727542798443916
0.3200714285714288,1.6801882352941195,0.0,63.38587945744514,1e-05,1.3216954536480543,0.005000022951036192,0.283620905882353,0.6700001119329482
0.3205714285714288,1.6831529411764723,0.0,63.2790425531008,1e-05,1.3230407283039889,0.005000023032774764,0.28374542352941184,0.6672343362781519
0.3210714285714288,1.6861176470588253,0.0,63.17175474488447,1e-05,1.3243860352847046,0.005000023114733153,0.2838699411764707,0.6644569518886174
0.3215714285714288,1.6890823529411783,0.0,63.06401610584589,1e-05,1.3257313746682164,0.005000023196911634,0.28399445882352947,0.6616679577702616
0.3220714285714288,1.6920470588235312,0.0,62.95582672049286,1e-05,1.3270767465325395,0.005000023279310481,0.2841189764705883,0.658867352926304
0.3225714285714288,1.6950117647058842,0.0,62.84718668477755,1e-05,1.3284221509556884,0.005000023361929967,0.28424349411764716,0.6560551363572673
0.3230714285714288,1.6979764705882372,0.0,62.73809610618763,1e-05,1.3297675880156785,0.005000023444770365,0.28436801176470594,0.653231307060975
0.3235714285714288,1.70094117647059,0.0,62.62855510385751,1e-05,1.3311130577905248,0.005000023527831943,0.2844925294117648,0.6503958640325529
0.3240714285714288,1.703905882352943,0.0,62.51856380853513,1e-05,1.332458560358242,0.005000023611114975,0.2846170470588236,0.6475488062644299
0.3245714285714288,1.706870588235296,0.0,62.408122362673566,1e-05,1.3338040957968451,0.005000023694619726,0.2847415647058824,0.644690132746335
0.3250714285714288,1.709835294117649,0.0,62.297230920527525,1e-05,1.3351496641843492,0.005000023778346464,0.28486608235294125,0.6418198424652997
0.3255714285714288,1.7128000000000019,0.0,62.1858896481506,1e-05,1.3364952655987694,0.0050000238622954565,0.2849906000000001,0.6389379344056557
0.3260714285714288,1.7157647058823549,0.0,62.07409872346738,1e-05,1.3378409001181204,0.005000023946466968,0.2851151176470589,0.6360444075490377
0.3265714285714288,1.7187294117647076,0.0,61.96185833637515,1e-05,1.3391865678204173,0.005000024030861264,0.2852396352941177,0.6331392608743796
0.3270714285714288,1.7216941176470606,0.0,61.849168688731886,1e-05,1.3405322687836754,0.005000024115478605,0.28536415294117656,0.6302224933579168
0.3275714285714288,1.7246588235294136,0.0,61.736029994463244,1e-05,1.3418780030859092,0.005000024200319254,0.28548867058823535,0.6272941039731859
0.3280714285714288,1.7276235294117666,0.0,61.62244247961516,1e-05,1.3432237708051338,0.005000024285383471,0.2856131882352942,0.6243540916910236
0.3285714285714288,1.7305882352941195,0.0,61.50840638239188,1e-05,1.3445695720193642,0.005000024370671516,0.28573770588235303,0.621402455479567
0.3290714285714288,1.7335529411764725,0.0,61.393921953198976,1e-05,1.3459154068066157,0.005000024456183647,0.2858622235294118,0.6184391943042524
0.3295714285714288,1.7365176470588253,0.0,61.27898945478525,1e-05,1.3472612752449027,0.00500002454192012,0.28598674117647066,0.6154643071278187
0.3300714285714288,1.7394823529411783,0.0,61.16360916218252,1e-05,1.3486071774122408,0.005000024627881192,0.2861112588235295,0.6124777929103014
0.3305714285714288,1.7424470588235312,0.0,61.0477813628477,1e-05,1.3499531133866443,0.005000024714067117,0.2862357764705883,0.6094796506090386
0.3310714285714288,1.7454117647058842,0.0,60.9315063567162,1e-05,1.3512990832461287,0.005000024800478149,0.28636029411764713,0.6064698791786657
0.3315714285714288,1.7483764705882372,0.0,60.81477434148858,1e-05,1.352645087684646,0.0050000248871145785,0.28648481176470597,0.6034484761858683
0.3320714285714288,1.7513411764705902,0.0,60.69758809618848,1e-05,1.3539911266324118,0.005000024973976647,0.28660932941176476,0.6004154408976906
0.3325714285714288,1.7543058823529432,0.0,60.57995068916956,1e-05,1.3553372000022048,0.005000025061064596,0.2867338470588236,0.5973707726230647
0.3330714285714288,1.757270588235296,0.0,60.46186197619228,1e-05,1.3566833079031464,0.005000025148378674,0.28685836470588244,0.5943144702272617
0.3335714285714288,1.760235294117649,0.0,60.34332182790775,1e-05,1.3580294504443577,0.00500002523591913,0.2869828823529412,0.5912465325717832
0.3340714285714288,1.7632000000000019,0.0,60.22433012999006,1e-05,1.3593756277349598,0.005000025323686213,0.28710740000000007,0.5881669585143611
0.3345714285714288,1.7661647058823549,0.0,60.10488678310797,1e-05,1.3607218398840744,0.00500002541168017,0.2872319176470589,0.5850757469089549
0.3350714285714288,1.7691294117647078,0.0,59.984991703106814,1e-05,1.362068087000822,0.005000025499901245,0.2873564352941177,0.5819728966057566
0.3355714285714288,1.7720941176470608,0.0,59.86464482106841,1e-05,1.3634143691943241,0.005000025588349685,0.28748095294117654,0.5788584064511846
0.3360714285714288,1.7750588235294136,0.0,59.74384608336179,1e-05,1.364760686573702,0.005000025677025731,0.2876054705882354,0.5757322752878874
0.3365714285714288,1.7780235294117666,0.0,59.62259545175255,1e-05,1.366107039248077,0.0050000257659296235,0.28772998823529417,0.5725945019547418
0.3370714285714288,1.7809882352941195,0.0,59.50089290351726,1e-05,1.36745342732657,0.005000025855061606,0.287854505882353,0.5694450852868533
0.3375714285714288,1.7839529411764725,0.0,59.37873843147063,1e-05,1.3687998509183021,0.005000025944421915,0.28797902352941185,0.5662840241155553
0.3380714285714288,1.7869176470588255,0.0,59.25613204407573,1e-05,1.370146310132395,0.00500002603401079,0.28810354117647063,0.5631113172684086
0.3385714285714288,1.7898823529411785,0.0,59.133073765583156,1e-05,1.3714928050779693,0.005000026123828466,0.2882280588235295,0.5599269635692026
0.3390714285714288,1.7928470588235312,0.0,59.009563636010924,1e-05,1.3728393358641466,0.00500002621387518,0.2883525764705883,0.556730961837953
0.3395714285714288,1.7958117647058842,0.0,58.88560171130369,1e-05,1.374185902600048,0.005000026304151164,0.2884770941176471,0.5535233108909037
0.3400714285714288,1.7987764705882372,0.0,58.761188063443576,1e-05,1.3755325053947949,0.005000026394656651,0.28860161176470595,0.550304009540524
0.3405714285714288,1.8017411764705902,0.0,58.63632278045533,1e-05,1.376879144357508,0.005000026485391874,0.2887261294117648,0.5470730565955125
0.3410714285714288,1.8047058823529432,0.0,58.51100596654671,1e-05,1.378225819597309,0.00500002657635706,0.28885064705882363,0.5438304508607905
0.3415714285714288,1.8076705882352961,0.0,58.38523774219136,1e-05,1.3795725312233187,0.005000026667552438,0.2889751647058824,0.5405761911375089
0.3420714285714288,1.810635294117649,0.0,58.259018244226226,1e-05,1.3809192793446585,0.0050000267589782365,0.28909968235294126,0.5373102762230422
0.3425714285714288,1.8136000000000019,0.0,58.13234762588693,1e-05,1.3822660640704496,0.005000026850634679,0.28922420000000004,0.5340327049109914
0.3430714285714288,1.8165647058823549,0.0,58.005226056987404,1e-05,1.383612885509813,0.005000026942521992,0.2893487176470589,0.5307434759911831
0.3435714285714288,1.8195294117647078,0.0,57.8776537239126,1e-05,1.3849597437718701,0.005000027034640398,0.2894732352941177,0.5274425882496687
0.3440714285714288,1.8224941176470608,0.0,57.749630829760264,1e-05,1.3863066389657424,0.005000027126990117,0.28959775294117657,0.5241300404687232
0.3445714285714288,1.8254588235294138,0.0,57.621155895303254,1e-05,1.3876535713068476,0.005000027219571378,0.2897222705882354,0.5208058311640524
0.3450714285714288,1.8284235294117666,0.0,57.49222795601349,1e-05,1.3890005409799024,0.005000027312384404,0.2898467882352942,0.5174699589200997
0.3455714285714288,1.8313882352941195,0.0,57.362847446492,1e-05,1.3903475480833054,0.005000027405429411,0.28997130588235304,0.5141224225298201
0.3460714285714288,1.8343529411764725,0.0,57.23301455692947,1e-05,1.3916945927318243,0.0050000274987066174,0.2900958235294118,0.5107632207418698
0.3465714285714288,1.8373176470588255,0.0,57.10272933624136,1e-05,1.3930416750502157,0.005000027592216237,0.29022034117647066,0.507392352275895
0.3470714285714288,1.8402823529411785,0.0,56.971991800867904,1e-05,1.3943887951664402,0.005000027685958484,0.2903448588235295,0.5040098158391699
0.3475714285714288,1.8432470588235315,0.0,56.84080192446844,1e-05,1.395735953212338,0.005000027779933572,0.29046937647058835,0.5006156101247523
0.3480714285714288,1.8462117647058842,0.0,56.709159671864555,1e-05,1.3970831493215174,0.005000027874141714,0.29059389411764713,0.4972097338166629
0.3485714285714288,1.8491764705882372,0.0,56.57706498972318,1e-05,1.3984303836299625,0.005000027968583118,0.290718411764706,0.4937921855882682
0.3490714285714288,1.8521411764705902,0.0,56.435339860087325,1e-05,1.3997782364252127,0.005000028063298813,0.2908429294117648,0.4903614849513608
0.3495714285714288,1.8551058823529432,0.0,56.333441848076525,1e-05,1.4011235801253448,0.005000028158068711,0.2909674470588236,0.48692561692419045
0.3500714285714288,1.8580705882352961,0.0,56.365119074358006,1e-05,1.402460475590117,0.005000028252471805,0.29109196470588244,0.48349989026714524
0.3505714285714288,1.8610352941176491,0.0,56.604635483472435,1e-05,1.403784240913886,0.005000028346172154,0.2912164823529413,0.480096577772949
0.3510714285714288,1.864000000000002,0.0,57.12770739286293,1e-05,1.4050902003951253,0.00500002843883114,0.29134100000000007,0.4767280916576442
0.3515714285714288,1.8669647058823549,0.0,57.97090639505166,1e-05,1.406376316065467,0.005000028530294917,0.2914655176470589,0.47340015861307305
0.3520714285714288,1.8699294117647078,0.0,59.13277084331556,1e-05,1.4076431084149403,0.0050000286205910014,0.29159003529411776,0.4701119137812666
0.3525714285714288,1.8728941176470608,0.0,60.611273287520675,1e-05,1.4088912663907003,0.005000028709759427,0.29171455294117654,0.4668620289203106
0.3530714285714288,1.8758588235294138,0.0,62.40232275607588,1e-05,1.4101217119876086,0.005000028797857489,0.2918390705882354,0.46364853748837054
0.3535714285714288,1.8788235294117668,0.0,64.50132114565655,1e-05,1.4113354725313434,0.005000028884950748,0.2919635882352942,0.4604691614713534
0.3540714285714288,1.8817882352941198,0.0,66.89915466360371,1e-05,1.412533883385142,0.005000028971127673,0.292088105882353,0.4573207750611419
0.3545714285714288,1.8847529411764725,0.0,69.58847804047392,1e-05,1.413718179134298,0.0050000290564703705,0.29221262352941185,0.4542004727480894
0.3550714285714288,1.8877176470588255,0.0,72.5617611068595,1e-05,1.4148895886777382,0.005000029141061357,0.2923371411764707,0.45110532272582027
0.3555714285714288,1.8906823529411785,0.0,75.81096761616575,1e-05,1.4160493332099833,0.005000029224983388,0.2924616588235295,0.448032373518904
0.3560714285714288,1.8936470588235315,0.0,79.3287466144679,1e-05,1.4171985457354432,0.005000029308313598,0.2925861764705883,0.4449788693757376
0.3565714285714288,1.8966117647058844,0.0,83.10950585496404,1e-05,1.4183382096962436,0.005000029391118946,0.29271069411764716,0.4419424180744317
0.3570714285714288,1.8995764705882374,0.0,87.14791703040157,1e-05,1.4194692397893909,0.005000029473461993,0.29283521176470595,0.4389207808370871
0.35714285714285704,1.9,0.0,87.7455035333062,1e-05,1.4196301640465623,0.00500002948519122,0.292853,0.4384901958617833
